1	ладно	ладно	PART	_	_	_	_	_	@kib1997f-words#@kib1997f#0.0#0.304
2	давай	давать	VERB	_	Aspect=Imp|Mood=Imp|Number=Sing|Person=2|VerbForm=Fin|Voice=Act	_	_	_	@kib1997f-words#@kib1997f#0.304#0.608
3	поговорим	говорить	VERB	_	Aspect=Perf|Mood=Ind|Number=Plur|Person=1|Tense=Fut|VerbForm=Fin|Voice=Act	_	_	_	@kib1997f-words#@kib1997f#0.608#0.912
4	про	про	ADP	_	_	_	_	_	@kib1997f-words#@kib1997f#0.912#1.216
5	твой	твой	DET	_	Case=Acc|Gender=Masc|Number=Sing	_	_	_	@kib1997f-words#@kib1997f#1.216#1.52
6	переезд	переезд	NOUN	_	Animacy=Inan|Case=Acc|Gender=Masc|Number=Sing	_	_	_	@kib1997f-words#@kib1997f#1.52#1.824
7	аээ	аээ	INTJ	_	_	_	_	_	@kib1997f-words#@kib1997f#1.824#2.128
8	/	/	PUNCT	_	_	_	_	_	@kib1997f-words#@kib1997f#2.128#2.432
9	насколько	насколько	ADV	_	Degree=Pos	_	_	_	@kib1997f-words#@kib1997f#2.432#2.736
10	я	я	PRON	_	Case=Nom|Number=Sing|Person=1	_	_	_	@kib1997f-words#@kib1997f#2.736#3.04
11	знаю	знать	VERB	_	Aspect=Imp|Mood=Ind|Number=Sing|Person=1|Tense=Pres|VerbForm=Fin|Voice=Act	_	_	_	@kib1997f-words#@kib1997f#3.04#3.344
12	/	/	PUNCT	_	_	_	_	_	@kib1997f-words#@kib1997f#3.344#3.648
13	ты	ты	PRON	_	Case=Nom|Number=Sing|Person=2	_	_	_	@kib1997f-words#@kib1997f#3.648#3.952
14	родом	родом	ADV	_	Degree=Pos	_	_	_	@kib1997f-words#@kib1997f#3.952#4.256
15	из	из	ADP	_	_	_	_	_	@kib1997f-words#@kib1997f#4.256#4.56
16	вообще	вообще	ADV	_	Degree=Pos	_	_	_	@kib1997f-words#@kib1997f#4.56#4.864
17	маленького	маленький	ADJ	_	Case=Gen|Degree=Pos|Gender=Masc|Number=Sing	_	_	_	@kib1997f-words#@kib1997f#4.864#5.168
18	городка	городок	NOUN	_	Animacy=Inan|Case=Gen|Gender=Masc|Number=Sing	_	_	_	@kib1997f-words#@kib1997f#5.168#5.472
19	там	там	ADV	_	Degree=Pos	_	_	_	@kib1997f-words#@kib1997f#5.472#5.776
20	чёт	что-то	ADV	_		_	_	_	@kib1997f-words#@kib1997f#5.776#6.08
21	населённостью	населённость	NOUN	_	Animacy=Inan|Case=Ins|Gender=Fem|Number=Sing	_	_	_	@kib1997f-words#@kib1997f#6.08#6.384
22	вообще	вообще	ADV	_	Degree=Pos	_	_	_	@kib1997f-words#@kib1997f#6.384#6.688
23	несколько	несколько	NUM	_	Animacy=Inan|Case=Nom	_	_	_	@kib1997f-words#@kib1997f#6.688#6.992
24	тысяч	тысяча	NOUN	_	Animacy=Inan|Case=Gen|Gender=Fem|Number=Plur	_	_	_	@kib1997f-words#@kib1997f#6.992#7.304
25	э	э	INTJ	_	_	_	_	_	@kib1997f-words#@kib1997f#8.021#8.235
26	расскажи	рассказать	VERB	_	Aspect=Perf|Mood=Imp|Number=Sing|Person=2|VerbForm=Fin|Voice=Act	_	_	_	@kib1997f-words#@kib1997f#8.235#8.449
27	поподробнее	подробно	ADV	_	Degree=Cmp	_	_	_	@kib1997f-words#@kib1997f#8.449#8.663
28	о	о	ADP	_	_	_	_	_	@kib1997f-words#@kib1997f#8.663#8.877
29	жизни	жизнь	NOUN	_	Animacy=Inan|Case=Loc|Gender=Fem|Number=Sing	_	_	_	@kib1997f-words#@kib1997f#8.877#9.091
30	там	там	ADV	_	Degree=Pos	_	_	_	@kib1997f-words#@kib1997f#9.091#9.305
31	/	/	PUNCT	_	_	_	_	_	@kib1997f-words#@kib1997f#9.305#9.519
32	вообще	вообще	ADV	_	Degree=Pos	_	_	_	@kib1997f-words#@kib1997f#9.519#9.739
33	а	а	CCONJ	_	_	_	_	_	@kib1997f-words#@kib1997f#31.543#31.767
34	что	что	PRON	_	Case=Acc	_	_	_	@kib1997f-words#@kib1997f#31.767#31.991
35	именно	именно	PART	_	_	_	_	_	@kib1997f-words#@kib1997f#31.991#32.217
36	тебя	ты	PRON	_	Case=Acc|Number=Sing|Person=2	_	_	_	@kib1997f-words#@kib1997f#32.217#32.374
37	?	?	PUNCT	_	_	_	_	_	@kib1997f-words#@kib1997f#32.374#32.531
38	/	/	PUNCT	_	_	_	_	_	@kib1997f-words#@kib1997f#32.531#32.688
39	ээ	ээ	INTJ	_	_	_	_	_	@kib1997f-words#@kib1997f#32.688#32.847
40	ну	ну	PART	_	_	_	_	_	@kib1997f-words#@kib1997f#38.13#38.202
41	чем	что	PRON	_	Case=Ins	_	_	_	@kib1997f-words#@kib1997f#38.202#38.274
42	?	?	PUNCT	_	_	_	_	_	@kib1997f-words#@kib1997f#38.274#38.347
43	угу	угу	INTJ	_	_	_	_	_	@kib1997f-words#@kib1997f#48.804#49.021
44	а	а	CCONJ	_	_	_	_	_	@kib1997f-words#@kib1997f#79.934#80.124
45	что	что	PRON	_	Case=Nom	_	_	_	@kib1997f-words#@kib1997f#80.124#80.314
46	это	это	PART	_	_	_	_	_	@kib1997f-words#@kib1997f#80.314#80.504
47	за	за	ADP	_	_	_	_	_	@kib1997f-words#@kib1997f#80.504#80.694
48	город	город	NOUN	_	Animacy=Inan|Case=Nom|Gender=Masc|Number=Sing	_	_	_	@kib1997f-words#@kib1997f#80.694#80.884
49	?	?	PUNCT	_	_	_	_	_	@kib1997f-words#@kib1997f#80.884#81.074
50	ты	ты	PRON	_	Case=Nom|Number=Sing|Person=2	_	_	_	@kib1997f-words#@kib1997f#81.074#81.264
51	просто	просто	PART	_	_	_	_	_	@kib1997f-words#@kib1997f#81.264#81.454
52	по-моему	по-моему	ADV	_	Degree=Pos	_	_	_	@kib1997f-words#@kib1997f#81.454#81.644
53	нигде	нигде	ADV	_	Degree=Pos	_	_	_	@kib1997f-words#@kib1997f#81.644#81.834
54	не	не	PART	_	_	_	_	_	@kib1997f-words#@kib1997f#81.834#82.024
55	называл	называть	VERB	_	Aspect=Imp|Gender=Masc|Mood=Ind|Number=Sing|Tense=Past|VerbForm=Fin|Voice=Act	_	_	_	@kib1997f-words#@kib1997f#82.024#82.217
56	ну	ну	PART	_	_	_	_	_	@kib1997f-words#@kib1997f#91.326#91.527
57	то	то	CCONJ	_	_	_	_	_	@kib1997f-words#@kib1997f#91.527#91.728
58	есть	есть	CCONJ	_	_	_	_	_	@kib1997f-words#@kib1997f#91.728#91.929
59	/	/	PUNCT	_	_	_	_	_	@kib1997f-words#@kib1997f#91.929#92.13
60	тебе	ты	PRON	_	Case=Dat|Number=Sing|Person=2	_	_	_	@kib1997f-words#@kib1997f#92.13#92.331
61	кажется	казаться	VERB	_	Aspect=Imp|Mood=Ind|Number=Sing|Person=3|Tense=Pres|VerbForm=Fin|Voice=Mid	_	_	_	@kib1997f-words#@kib1997f#92.331#92.532
62	что	что	SCONJ	_	_	_	_	_	@kib1997f-words#@kib1997f#92.532#92.733
63	э	э	INTJ	_	_	_	_	_	@kib1997f-words#@kib1997f#92.733#92.934
64	туда	туда	ADV	_	Degree=Pos	_	_	_	@kib1997f-words#@kib1997f#92.934#93.135
65	нагрянут	нагрянуть	VERB	_	Aspect=Perf|Mood=Ind|Number=Plur|Person=3|Tense=Fut|VerbForm=Fin|Voice=Act	_	_	_	@kib1997f-words#@kib1997f#93.135#93.336
66	/	/	PUNCT	_	_	_	_	_	@kib1997f-words#@kib1997f#93.336#93.537
67	там	там	ADV	_	Degree=Pos	_	_	_	@kib1997f-words#@kib1997f#93.537#93.738
68	/	/	PUNCT	_	_	_	_	_	@kib1997f-words#@kib1997f#93.738#93.939
69	твои	твой	DET	_	Case=Nom|Number=Plur	_	_	_	@kib1997f-words#@kib1997f#93.939#94.14
70	/	/	PUNCT	_	_	_	_	_	@kib1997f-words#@kib1997f#94.14#94.341
71	не	не	PART	_	_	_	_	_	@kib1997f-words#@kib1997f#94.341#94.542
72	знаю	знать	VERB	_	Aspect=Imp|Mood=Ind|Number=Sing|Person=1|Tense=Pres|VerbForm=Fin|Voice=Act	_	_	_	@kib1997f-words#@kib1997f#94.542#94.743
73	/	/	PUNCT	_	_	_	_	_	@kib1997f-words#@kib1997f#94.743#94.944
74	фанаты	фанат	NOUN	_	Animacy=Anim|Case=Nom|Gender=Masc|Number=Plur	_	_	_	@kib1997f-words#@kib1997f#94.944#95.145
75	?	?	PUNCT	_	_	_	_	_	@kib1997f-words#@kib1997f#95.145#95.347
76	хейтеры	хейтер	NOUN	_	Animacy=Anim|Case=Nom|Gender=Masc|Number=Plur	_	_	_	@kib1997f-words#@kib1997f#95.891#96.097
77	?	?	PUNCT	_	_	_	_	_	@kib1997f-words#@kib1997f#96.097#96.304
78	ты	ты	PRON	_	Case=Nom|Number=Sing|Person=2	_	_	_	@kib1997f-words#@kib1997f#100.32#100.613
79	сказал	сказать	VERB	_	Aspect=Perf|Gender=Masc|Mood=Ind|Number=Sing|Tense=Past|VerbForm=Fin|Voice=Act	_	_	_	@kib1997f-words#@kib1997f#100.613#100.906
80	я	я	PRON	_	Case=Nom|Number=Sing|Person=1	_	_	_	@kib1997f-words#@kib1997f#100.906#101.199
81	сидел	сидеть	VERB	_	Aspect=Imp|Gender=Masc|Mood=Ind|Number=Sing|Tense=Past|VerbForm=Fin|Voice=Act	_	_	_	@kib1997f-words#@kib1997f#101.199#101.492
82	в	в	ADP	_	_	_	_	_	@kib1997f-words#@kib1997f#101.492#101.785
83	интернете	интернет	NOUN	_	Animacy=Inan|Case=Loc|Gender=Masc|Number=Sing	_	_	_	@kib1997f-words#@kib1997f#101.785#102.078
84	даа	даа	NOUN	_	Animacy=Inan|Case=Gen|Gender=Masc|Number=Sing	_	_	_	@kib1997f-words#@kib1997f#102.078#102.371
85	/	/	PUNCT	_	_	_	_	_	@kib1997f-words#@kib1997f#102.371#102.664
86	э	э	INTJ	_	_	_	_	_	@kib1997f-words#@kib1997f#102.664#102.96
87	что	что	PRON	_	Case=Acc	_	_	_	@kib1997f-words#@kib1997f#103.28#103.484
88	ты	ты	PRON	_	Case=Nom|Number=Sing|Person=2	_	_	_	@kib1997f-words#@kib1997f#103.484#103.688
89	там	там	ADV	_	Degree=Pos	_	_	_	@kib1997f-words#@kib1997f#103.688#103.892
90	делал	делать	VERB	_	Aspect=Imp|Gender=Masc|Mood=Ind|Number=Sing|Tense=Past|VerbForm=Fin|Voice=Act	_	_	_	@kib1997f-words#@kib1997f#103.892#104.096
91	/	/	PUNCT	_	_	_	_	_	@kib1997f-words#@kib1997f#104.096#104.3
92	что	что	SCONJ	_	_	_	_	_	@kib1997f-words#@kib1997f#104.3#104.504
93	смотрел	смотреть	VERB	_	Aspect=Imp|Gender=Masc|Mood=Ind|Number=Sing|Tense=Past|VerbForm=Fin|Voice=Act	_	_	_	@kib1997f-words#@kib1997f#104.504#104.708
94	?	?	PUNCT	_	_	_	_	_	@kib1997f-words#@kib1997f#104.708#104.912
95	ну	ну	PART	_	_	_	_	_	@kib1997f-words#@kib1997f#104.912#105.116
96	то	то	CCONJ	_	_	_	_	_	@kib1997f-words#@kib1997f#105.116#105.32
97	есть	есть	CCONJ	_	_	_	_	_	@kib1997f-words#@kib1997f#105.32#105.524
98	/	/	PUNCT	_	_	_	_	_	@kib1997f-words#@kib1997f#105.524#105.728
99	что	что	SCONJ	_	_	_	_	_	@kib1997f-words#@kib1997f#105.728#105.932
100	тебя	ты	PRON	_	Case=Acc|Number=Sing|Person=2	_	_	_	@kib1997f-words#@kib1997f#105.932#106.136
101	сформировало	сформировать	VERB	_	Aspect=Imp|Gender=Neut|Mood=Ind|Number=Sing|Tense=Past|VerbForm=Fin|Voice=Act	_	_	_	@kib1997f-words#@kib1997f#106.136#106.34
102	как	как	SCONJ	_	_	_	_	_	@kib1997f-words#@kib1997f#106.34#106.544
103	личность	личность	NOUN	_	Animacy=Inan|Case=Nom|Gender=Fem|Number=Sing	_	_	_	@kib1997f-words#@kib1997f#106.544#106.748
104	?	?	PUNCT	_	_	_	_	_	@kib1997f-words#@kib1997f#106.748#106.96
105	какие	какой	DET	_	Case=Nom|Number=Plur	_	_	_	@kib1997f-words#@kib1997f#107.933#108.115
106	фильмы	фильм	NOUN	_	Animacy=Inan|Case=Nom|Gender=Masc|Number=Plur	_	_	_	@kib1997f-words#@kib1997f#108.115#108.297
107	?	?	PUNCT	_	_	_	_	_	@kib1997f-words#@kib1997f#108.297#108.481
108	то	то	CCONJ	_	_	_	_	_	@kib1997f-words#@kib1997f#115.049#115.207
109	есть	есть	CCONJ	_	_	_	_	_	@kib1997f-words#@kib1997f#115.207#115.365
110	ты	ты	PRON	_	Case=Nom|Number=Sing|Person=2	_	_	_	@kib1997f-words#@kib1997f#115.365#115.523
111	застал	застать	VERB	_	Aspect=Perf|Gender=Masc|Mood=Ind|Number=Sing|Tense=Past|VerbForm=Fin|Voice=Act	_	_	_	@kib1997f-words#@kib1997f#115.523#115.681
112	[нрзб]	[нрзб]	PUNCT	_	_	_	_	_	@kib1997f-words#@kib1997f#115.681#115.839
113	ну	ну	PART	_	_	_	_	_	@kib1997f-words#@kib1997f#117.197#117.476
114	я	я	PRON	_	Case=Nom|Number=Sing|Person=1	_	_	_	@kib1997f-words#@kib1997f#117.476#117.755
115	пон...	пон...	VERB	_	Aspect=Perf|Gender=Masc|Mood=Ind|Number=Sing|Tense=Past|VerbForm=Fin|Voice=Act	_	_	_	@kib1997f-words#@kib1997f#117.755#118.034
116	а	а	CCONJ	_	_	_	_	_	@kib1997f-words#@kib1997f#118.034#118.313
117	всё	весь	DET	_	Case=Acc|Gender=Neut|Number=Sing	_	_	_	@kib1997f-words#@kib1997f#118.313#118.592
118	демотиваторы	демотиватор	NOUN	_	Animacy=Inan|Case=Acc|Gender=Masc|Number=Plur	_	_	_	@kib1997f-words#@kib1997f#118.888#119.481
119	мгм	мгм	INTJ	_	_	_	_	_	@kib1997f-words#@kib1997f#121.999#122.197
120	то	то	CCONJ	_	_	_	_	_	@kib1997f-words#@kib1997f#140.896#141.16
121	есть	есть	CCONJ	_	_	_	_	_	@kib1997f-words#@kib1997f#141.16#141.424
122	ты	ты	PRON	_	Case=Nom|Number=Sing|Person=2	_	_	_	@kib1997f-words#@kib1997f#141.424#141.689
123	уже	уже	ADV	_	Degree=Pos	_	_	_	@kib1997f-words#@kib1997f#141.724#142.0
124	с	с	ADP	_	_	_	_	_	@kib1997f-words#@kib1997f#142.0#142.317
125	подросткового	подростковый	ADJ	_	Case=Gen|Degree=Pos|Gender=Masc|Number=Sing	_	_	_	@kib1997f-words#@kib1997f#142.317#142.634
126	возраста	возраст	NOUN	_	Animacy=Inan|Case=Gen|Gender=Masc|Number=Sing	_	_	_	@kib1997f-words#@kib1997f#142.634#142.951
127	/	/	PUNCT	_	_	_	_	_	@kib1997f-words#@kib1997f#142.951#143.268
128	собирался	собираться	VERB	_	Aspect=Imp|Gender=Masc|Mood=Ind|Number=Sing|Tense=Past|VerbForm=Fin|Voice=Mid	_	_	_	@kib1997f-words#@kib1997f#143.268#143.586
129	уезжать	уезжать	VERB	_	Aspect=Imp|VerbForm=Inf|Voice=Act	_	_	_	@kib1997f-words#@kib1997f#143.586#143.861
130	?	?	PUNCT	_	_	_	_	_	@kib1997f-words#@kib1997f#143.861#144.137
131	у	у	ADP	_	_	_	_	_	@kib1997f-words#@kib1997f#145.0#145.201
132	тебя	ты	PRON	_	Case=Gen|Number=Sing|Person=2	_	_	_	@kib1997f-words#@kib1997f#145.201#145.402
133	сразу	сразу	ADV	_	Degree=Pos	_	_	_	@kib1997f-words#@kib1997f#145.402#145.603
134	/	/	PUNCT	_	_	_	_	_	@kib1997f-words#@kib1997f#145.603#145.804
135	ты	ты	PRON	_	Case=Nom|Number=Sing|Person=2	_	_	_	@kib1997f-words#@kib1997f#145.804#146.005
136	сразу	сразу	ADV	_	Degree=Pos	_	_	_	@kib1997f-words#@kib1997f#146.005#146.206
137	принял	принять	VERB	_	Aspect=Perf|Gender=Masc|Mood=Ind|Number=Sing|Tense=Past|VerbForm=Fin|Voice=Act	_	_	_	@kib1997f-words#@kib1997f#146.206#146.407
138	решение	решение	NOUN	_	Animacy=Inan|Case=Acc|Gender=Neut|Number=Sing	_	_	_	@kib1997f-words#@kib1997f#146.407#146.608
139	что	что	SCONJ	_	_	_	_	_	@kib1997f-words#@kib1997f#146.608#146.809
140	это	это	PRON	_	Animacy=Inan|Case=Nom|Gender=Neut|Number=Sing	_	_	_	@kib1997f-words#@kib1997f#146.809#147.01
141	будет	быть	AUX	_	Aspect=Imp|Mood=Ind|Number=Sing|Person=3|Tense=Pres|VerbForm=Fin|Voice=Act	_	_	_	@kib1997f-words#@kib1997f#147.01#147.211
142	Москва	Москва	PROPN	_	Animacy=Inan|Case=Nom|Gender=Fem|Number=Sing	_	_	_	@kib1997f-words#@kib1997f#147.211#147.412
143	?	?	PUNCT	_	_	_	_	_	@kib1997f-words#@kib1997f#147.412#147.62
144	или	или	CCONJ	_	_	_	_	_	@kib1997f-words#@kib1997f#147.62#147.827
145	это	это	PRON	_	Animacy=Inan|Case=Nom|Gender=Neut|Number=Sing	_	_	_	@kib1997f-words#@kib1997f#147.827#148.034
146	?	?	PUNCT	_	_	_	_	_	@kib1997f-words#@kib1997f#148.034#148.241
147	и	и	CCONJ	_	_	_	_	_	@kib1997f-words#@kib1997f#149.827#150.033
148	с	с	ADP	_	_	_	_	_	@kib1997f-words#@kib1997f#150.033#150.239
149	какими	какой	DET	_	Case=Ins|Number=Plur	_	_	_	@kib1997f-words#@kib1997f#150.239#150.445
150	целями	цель	NOUN	_	Animacy=Inan|Case=Ins|Gender=Fem|Number=Plur	_	_	_	@kib1997f-words#@kib1997f#150.445#150.651
151	ты	ты	PRON	_	Case=Nom|Number=Sing|Person=2	_	_	_	@kib1997f-words#@kib1997f#150.651#150.857
152	переезжал	переезжать	VERB	_	Aspect=Imp|Gender=Masc|Mood=Ind|Number=Sing|Tense=Past|VerbForm=Fin|Voice=Act	_	_	_	@kib1997f-words#@kib1997f#150.857#151.063
153	?	?	PUNCT	_	_	_	_	_	@kib1997f-words#@kib1997f#151.063#151.275
154	что	что	PRON	_	Case=Acc	_	_	_	@kib1997f-words#@kib1997f#152.0#152.193
155	ты	ты	PRON	_	Case=Nom|Number=Sing|Person=2	_	_	_	@kib1997f-words#@kib1997f#152.193#152.386
156	хотел	хотеть	VERB	_	Aspect=Imp|Gender=Masc|Mood=Ind|Number=Sing|Tense=Past|VerbForm=Fin|Voice=Act	_	_	_	@kib1997f-words#@kib1997f#152.386#152.579
157	/	/	PUNCT	_	_	_	_	_	@kib1997f-words#@kib1997f#152.579#152.772
158	о	о	ADP	_	_	_	_	_	@kib1997f-words#@kib1997f#152.772#152.965
159	чём	что	PRON	_	Case=Loc	_	_	_	@kib1997f-words#@kib1997f#152.965#153.158
160	думал	думать	VERB	_	Aspect=Imp|Gender=Masc|Mood=Ind|Number=Sing|Tense=Past|VerbForm=Fin|Voice=Act	_	_	_	@kib1997f-words#@kib1997f#153.158#153.351
161	?	?	PUNCT	_	_	_	_	_	@kib1997f-words#@kib1997f#153.351#153.551
162	ты	ты	PRON	_	Case=Nom|Number=Sing|Person=2	_	_	_	@kib1997f-words#@kib1997f#161.6#161.946
163	сейчас	сейчас	ADV	_	Degree=Pos	_	_	_	@kib1997f-words#@kib1997f#161.946#162.292
164	показываешь	показывать	VERB	_	Aspect=Imp|Mood=Ind|Number=Sing|Person=2|Tense=Pres|VerbForm=Fin|Voice=Act	_	_	_	@kib1997f-words#@kib1997f#162.292#162.64
165	прям	прямо	ADV	_	_	_	_	_	@kib1997f-words#@kib1997f#163.08#163.255
166	вот	вот	PART	_	_	_	_	_	@kib1997f-words#@kib1997f#163.255#163.43
167	/	/	PUNCT	_	_	_	_	_	@kib1997f-words#@kib1997f#163.43#163.605
168	ну	ну	PART	_	_	_	_	_	@kib1997f-words#@kib1997f#163.605#163.782
169	люксовую	люксовый	ADJ	_	Case=Acc|Degree=Pos|Gender=Fem|Number=Sing	_	_	_	@kib1997f-words#@kib1997f#164.28#164.544
170	жизнь	жизнь	NOUN	_	Animacy=Inan|Case=Acc|Gender=Fem|Number=Sing	_	_	_	@kib1997f-words#@kib1997f#164.544#164.808
171	/	/	PUNCT	_	_	_	_	_	@kib1997f-words#@kib1997f#164.808#165.072
172	да	да	PART	_	_	_	_	_	@kib1997f-words#@kib1997f#165.072#165.336
173	вот	вот	PART	_	_	_	_	_	@kib1997f-words#@kib1997f#165.336#165.6
174	эта	этот	DET	_	Case=Nom|Gender=Fem|Number=Sing	_	_	_	@kib1997f-words#@kib1997f#165.6#165.864
175	/	/	PUNCT	_	_	_	_	_	@kib1997f-words#@kib1997f#165.864#166.128
176	роскошь	роскошь	NOUN	_	Animacy=Inan|Case=Nom|Gender=Fem|Number=Sing	_	_	_	@kib1997f-words#@kib1997f#166.128#166.392
177	/	/	PUNCT	_	_	_	_	_	@kib1997f-words#@kib1997f#166.392#166.656
178	да	да	CCONJ	_	_	_	_	_	@kib1997f-words#@kib1997f#166.656#166.92
179	это	это	PRON	_	Animacy=Inan|Case=Nom|Gender=Neut|Number=Sing	_	_	_	@kib1997f-words#@kib1997f#166.92#167.184
180	/	/	PUNCT	_	_	_	_	_	@kib1997f-words#@kib1997f#167.184#167.448
181	ммм	мм	INTJ	_	_	_	_	_	@kib1997f-words#@kib1997f#167.448#167.72
182	деньги	деньги	NOUN	_	Animacy=Inan|Case=Nom|Gender=Fem|Number=Plur	_	_	_	@kib1997f-words#@kib1997f#167.72#167.968
183	/	/	PUNCT	_	_	_	_	_	@kib1997f-words#@kib1997f#167.968#168.216
184	это	это	PRON	_	Animacy=Inan|Case=Nom|Gender=Neut|Number=Sing	_	_	_	@kib1997f-words#@kib1997f#168.216#168.464
185	путешествия	путешествие	NOUN	_	Animacy=Inan|Case=Nom|Gender=Neut|Number=Plur	_	_	_	@kib1997f-words#@kib1997f#168.464#168.712
186	/	/	PUNCT	_	_	_	_	_	@kib1997f-words#@kib1997f#168.712#168.96
187	ну	ну	PART	_	_	_	_	_	@kib1997f-words#@kib1997f#168.96#169.208
188	[нрзб]	[нрзб]	PUNCT	_	_	_	_	_	@kib1997f-words#@kib1997f#169.208#169.456
189	я	я	PRON	_	Case=Nom|Number=Sing|Person=1	_	_	_	@kib1997f-words#@kib1997f#169.456#169.704
190	просто	просто	PART	_	_	_	_	_	@kib1997f-words#@kib1997f#169.704#169.952
191	подписана	подписать	VERB	_	Aspect=Perf|Gender=Fem|Number=Sing|Tense=Past|Variant=Short|VerbForm=Part|Voice=Pass	_	_	_	@kib1997f-words#@kib1997f#169.952#170.2
192	на	на	ADP	_	_	_	_	_	@kib1997f-words#@kib1997f#170.2#170.448
193	твой	твой	DET	_	Case=Nom|Gender=Masc|Number=Sing	_	_	_	@kib1997f-words#@kib1997f#170.448#170.696
194	инстаграм	инстаграм	NOUN	_	Animacy=Inan|Case=Nom|Gender=Masc|Number=Sing	_	_	_	@kib1997f-words#@kib1997f#170.696#170.944
195	и	и	CCONJ	_	_	_	_	_	@kib1997f-words#@kib1997f#170.944#171.192
196	я	я	PRON	_	Case=Nom|Number=Sing|Person=1	_	_	_	@kib1997f-words#@kib1997f#171.192#171.44
197	есть	быть	AUX	_	Aspect=Imp|Mood=Ind|Number=Sing|Person=3|Tense=Pres|VerbForm=Fin|Voice=Act	_	_	_	@kib1997f-words#@kib1997f#171.44#171.688
198	в	в	ADP	_	_	_	_	_	@kib1997f-words#@kib1997f#171.688#171.936
199	лучших	лучший	ADJ	_	Case=Loc|Degree=Pos|Number=Plur	_	_	_	@kib1997f-words#@kib1997f#171.936#172.184
200	друзья...	друг	NOUN	_	Animacy=Anim|Case=Loc|Gender=Masc|Number=Plur	_	_	_	@kib1997f-words#@kib1997f#172.184#172.44
201	извините	извинить	VERB	_	Aspect=Perf|Mood=Imp|Number=Plur|Person=2|VerbForm=Fin|Voice=Act	_	_	_	@kib1997f-words#@kib1997f#172.6#172.792
202	в	в	ADP	_	_	_	_	_	@kib1997f-words#@kib1997f#172.792#172.984
203	близких	близкий	ADJ	_	Case=Loc|Degree=Pos|Number=Plur	_	_	_	@kib1997f-words#@kib1997f#172.984#173.176
204	/	/	PUNCT	_	_	_	_	_	@kib1997f-words#@kib1997f#173.176#173.368
205	и	и	CCONJ	_	_	_	_	_	@kib1997f-words#@kib1997f#173.368#173.56
206	это	это	PRON	_	Animacy=Inan|Case=Nom|Gender=Neut|Number=Sing	_	_	_	@kib1997f-words#@kib1997f#173.56#173.752
207	просто	просто	PART	_	_	_	_	_	@kib1997f-words#@kib1997f#173.752#173.944
208	восторг	восторг	NOUN	_	Animacy=Inan|Case=Nom|Gender=Masc|Number=Sing	_	_	_	@kib1997f-words#@kib1997f#173.944#174.136
209	это	это	PRON	_	Animacy=Inan|Case=Acc|Gender=Neut|Number=Sing	_	_	_	@kib1997f-words#@kib1997f#174.136#174.328
210	моё	мой	DET	_	Case=Acc|Gender=Neut|Number=Sing	_	_	_	@kib1997f-words#@kib1997f#174.328#174.52
211	любимое	любимый	ADJ	_	Case=Acc|Degree=Pos|Gender=Neut|Number=Sing	_	_	_	@kib1997f-words#@kib1997f#174.52#174.72
212	аа	аа	INTJ	_	_	_	_	_	@kib1997f-words#@kib1997f#175.2#175.426
213	/	/	PUNCT	_	_	_	_	_	@kib1997f-words#@kib1997f#175.426#175.652
214	тебе	ты	PRON	_	Case=Dat|Number=Sing|Person=2	_	_	_	@kib1997f-words#@kib1997f#175.652#175.878
215	не	не	PART	_	_	_	_	_	@kib1997f-words#@kib1997f#175.878#176.104
216	кажется	казаться	VERB	_	Aspect=Imp|Mood=Ind|Number=Sing|Person=3|Tense=Pres|VerbForm=Fin|Voice=Mid	_	_	_	@kib1997f-words#@kib1997f#176.104#176.33
217	что	что	SCONJ	_	_	_	_	_	@kib1997f-words#@kib1997f#176.33#176.556
218	это	это	PRON	_	Animacy=Inan|Case=Nom|Gender=Neut|Number=Sing	_	_	_	@kib1997f-words#@kib1997f#176.556#176.782
219	возможно	возможный	ADJ	_	Degree=Pos|Gender=Neut|Number=Sing|Variant=Short	_	_	_	@kib1997f-words#@kib1997f#176.782#177.008
220	из-за	из-за	ADP	_	_	_	_	_	@kib1997f-words#@kib1997f#177.008#177.234
221	комплексов	комплекс	NOUN	_	Animacy=Inan|Case=Gen|Gender=Masc|Number=Plur	_	_	_	@kib1997f-words#@kib1997f#177.234#177.46
222	?	?	PUNCT	_	_	_	_	_	@kib1997f-words#@kib1997f#177.46#177.686
223	/	/	PUNCT	_	_	_	_	_	@kib1997f-words#@kib1997f#177.686#177.912
224	потому	потому	ADV	_	Degree=Pos	_	_	_	@kib1997f-words#@kib1997f#177.912#178.138
225	что	что	SCONJ	_	_	_	_	_	@kib1997f-words#@kib1997f#178.138#178.364
226	раньше	рано	ADV	_	Degree=Cmp	_	_	_	@kib1997f-words#@kib1997f#178.364#178.59
227	этих	этот	DET	_	Case=Gen|Number=Plur	_	_	_	@kib1997f-words#@kib1997f#178.59#178.816
228	денег	деньги	NOUN	_	Animacy=Inan|Case=Gen|Gender=Fem|Number=Plur	_	_	_	@kib1997f-words#@kib1997f#178.816#179.042
229	не	не	PART	_	_	_	_	_	@kib1997f-words#@kib1997f#179.042#179.268
230	было	быть	VERB	_	Aspect=Imp|Gender=Neut|Mood=Ind|Number=Sing|Tense=Past|VerbForm=Fin|Voice=Act	_	_	_	@kib1997f-words#@kib1997f#179.268#179.494
231	?	?	PUNCT	_	_	_	_	_	@kib1997f-words#@kib1997f#179.494#179.72
232	ты	ты	PRON	_	Case=Nom|Number=Sing|Person=2	_	_	_	@kib1997f-words#@kib1997f#180.12#180.4
233	как-то	как-то	ADV	_	Degree=Pos	_	_	_	@kib1997f-words#@kib1997f#180.4#180.68
234	вот	вот	PART	_	_	_	_	_	@kib1997f-words#@kib1997f#180.68#180.96
235	проводишь	проводить	VERB	_	Aspect=Perf|Mood=Ind|Number=Sing|Person=2|Tense=Fut|VerbForm=Fin|Voice=Act	_	_	_	@kib1997f-words#@kib1997f#180.96#181.24
236	какую-то	какой-то	DET	_	Case=Acc|Gender=Fem|Number=Sing	_	_	_	@kib1997f-words#@kib1997f#181.24#181.52
237	связь	связь	NOUN	_	Animacy=Inan|Case=Acc|Gender=Fem|Number=Sing	_	_	_	@kib1997f-words#@kib1997f#181.88#182.11
238	между	между	ADP	_	_	_	_	_	@kib1997f-words#@kib1997f#182.11#182.34
239	?	?	PUNCT	_	_	_	_	_	@kib1997f-words#@kib1997f#182.34#182.57
240	вот	вот	PART	_	_	_	_	_	@kib1997f-words#@kib1997f#182.57#182.8
241	именно	именно	PART	_	_	_	_	_	@kib1997f-words#@kib1997f#183.52#183.933
242	почему	почему	ADV	_	Degree=Pos	_	_	_	@kib1997f-words#@kib1997f#183.933#184.346
243	ты	ты	PRON	_	Case=Nom|Number=Sing|Person=2	_	_	_	@kib1997f-words#@kib1997f#184.346#184.76
244	так	так	ADV	_	Degree=Pos	_	_	_	@kib1997f-words#@kib1997f#184.915#185.191
245	показываешь	показывать	VERB	_	Aspect=Imp|Mood=Ind|Number=Sing|Person=2|Tense=Pres|VerbForm=Fin|Voice=Act	_	_	_	@kib1997f-words#@kib1997f#185.191#185.467
246	?	?	PUNCT	_	_	_	_	_	@kib1997f-words#@kib1997f#185.467#185.745
247	угу	угу	PART	_	_	_	_	_	@kib1997f-words#@kib1997f#206.0#206.093
248	ну	ну	PART	_	_	_	_	_	@kib1997f-words#@kib1997f#241.875#242.114
249	ты	ты	PRON	_	Case=Nom|Number=Sing|Person=2	_	_	_	@kib1997f-words#@kib1997f#242.114#242.353
250	была	быть	AUX	_	Aspect=Imp|Gender=Fem|Mood=Ind|Number=Sing|Tense=Past|VerbForm=Fin|Voice=Act	_	_	_	@kib1997f-words#@kib1997f#242.353#242.592
251	самой	самый	ADJ	_	Case=Ins|Degree=Pos|Gender=Fem|Number=Sing	_	_	_	@kib1997f-words#@kib1997f#242.592#242.831
252	богатой	богатый	ADJ	_	Case=Ins|Degree=Pos|Gender=Fem|Number=Sing	_	_	_	@kib1997f-words#@kib1997f#242.831#243.07
253	сукой	сука	NOUN	_	Animacy=Inan|Case=Ins|Gender=Fem|Number=Sing	_	_	_	@kib1997f-words#@kib1997f#243.07#243.312
254	ты	ты	PRON	_	Case=Nom|Number=Sing|Person=2	_	_	_	@kib1997f-words#@kib1997f#254.625#255.039
255	помогаешь	помогать	VERB	_	Aspect=Imp|Mood=Ind|Number=Sing|Person=2|Tense=Pres|VerbForm=Fin|Voice=Act	_	_	_	@kib1997f-words#@kib1997f#255.039#255.453
256	родителям	родитель	NOUN	_	Animacy=Anim|Case=Dat|Gender=Masc|Number=Plur	_	_	_	@kib1997f-words#@kib1997f#255.453#255.867
257	сейчас	сейчас	ADV	_	Degree=Pos	_	_	_	@kib1997f-words#@kib1997f#255.867#256.281
258	финансово	финансовый	ADV	_	Degree=Pos	_	_	_	@kib1997f-words#@kib1997f#256.281#256.374
259	?	?	PUNCT	_	_	_	_	_	@kib1997f-words#@kib1997f#256.374#256.468
260	а	а	CCONJ	_	_	_	_	_	@kib1997f-words#@kib1997f#258.75#258.928
261	ты	ты	PRON	_	Case=Nom|Number=Sing|Person=2	_	_	_	@kib1997f-words#@kib1997f#258.928#259.106
262	спрашивал	спрашивать	VERB	_	Aspect=Imp|Gender=Masc|Mood=Ind|Number=Sing|Tense=Past|VerbForm=Fin|Voice=Act	_	_	_	@kib1997f-words#@kib1997f#259.106#259.284
263	?	?	PUNCT	_	_	_	_	_	@kib1997f-words#@kib1997f#259.284#259.462
264	/	/	PUNCT	_	_	_	_	_	@kib1997f-words#@kib1997f#259.462#259.64
265	предлагал	предлагать	VERB	_	Aspect=Imp|Gender=Masc|Mood=Ind|Number=Sing|Tense=Past|VerbForm=Fin|Voice=Act	_	_	_	@kib1997f-words#@kib1997f#259.64#259.818
266	?	?	PUNCT	_	_	_	_	_	@kib1997f-words#@kib1997f#259.818#260.0
267	ну	ну	PART	_	_	_	_	_	@kib1997f-words#@kib1997f#265.944#266.26
268	просто	просто	PART	_	_	_	_	_	@kib1997f-words#@kib1997f#266.26#266.576
269	знаешь	знать	VERB	_	Aspect=Imp|Mood=Ind|Number=Sing|Person=2|Tense=Pres|VerbForm=Fin|Voice=Act	_	_	_	@kib1997f-words#@kib1997f#266.576#266.892
270	/	/	PUNCT	_	_	_	_	_	@kib1997f-words#@kib1997f#266.892#267.208
271	есть	быть	VERB	_	Aspect=Imp|Mood=Ind|Number=Sing|Person=3|Tense=Pres|VerbForm=Fin|Voice=Act	_	_	_	@kib1997f-words#@kib1997f#267.208#267.524
272	такая	такой	DET	_	Case=Nom|Gender=Fem|Number=Sing	_	_	_	@kib1997f-words#@kib1997f#267.524#267.843
273	не	не	PART	_	_	_	_	_	@kib1997f-words#@kib1997f#267.937#268.14
274	знаю	знать	VERB	_	Aspect=Imp|Mood=Ind|Number=Sing|Person=1|Tense=Pres|VerbForm=Fin|Voice=Act	_	_	_	@kib1997f-words#@kib1997f#268.14#268.343
275	/	/	PUNCT	_	_	_	_	_	@kib1997f-words#@kib1997f#268.343#268.546
276	такое	такой	DET	_	Case=Nom|Gender=Neut|Number=Sing	_	_	_	@kib1997f-words#@kib1997f#268.546#268.749
277	понятие	понятие	NOUN	_	Animacy=Inan|Case=Nom|Gender=Neut|Number=Sing	_	_	_	@kib1997f-words#@kib1997f#268.749#268.952
278	что	что	SCONJ	_	_	_	_	_	@kib1997f-words#@kib1997f#268.952#269.155
279	деньги	деньги	NOUN	_	Animacy=Inan|Case=Nom|Gender=Fem|Number=Plur	_	_	_	@kib1997f-words#@kib1997f#269.155#269.358
280	лишними	лишний	ADJ	_	Case=Ins|Degree=Pos|Number=Plur	_	_	_	@kib1997f-words#@kib1997f#269.358#269.561
281	не	не	PART	_	_	_	_	_	@kib1997f-words#@kib1997f#269.561#269.764
282	бывают	бывать	VERB	_	Aspect=Imp|Mood=Ind|Number=Plur|Person=3|Tense=Pres|VerbForm=Fin|Voice=Act	_	_	_	@kib1997f-words#@kib1997f#269.764#269.968
283	да	да	PART	_	_	_	_	_	@ap1998m-words#@ap1998m#7.391#7.702
284	это	это	PRON	_	Animacy=Inan|Case=Acc|Gender=Neut|Number=Sing	_	_	_	@ap1998m-words#@ap1998m#9.913#10.33
285	пиздец	пиздец	NOUN	_	Animacy=Inan|Case=Nom|Gender=Masc|Number=Sing	_	_	_	@ap1998m-words#@ap1998m#10.33#10.747
286	и	и	CCONJ	_	_	_	_	_	@ap1998m-words#@ap1998m#10.747#11.164
287	трэш	трэш	NOUN	_	Animacy=Inan|Case=Nom|Gender=Masc|Number=Sing	_	_	_	@ap1998m-words#@ap1998m#11.164#11.581
288	я	я	PRON	_	Case=Nom|Number=Sing|Person=1	_	_	_	@ap1998m-words#@ap1998m#11.813#12.078
289	прожил	прожить	VERB	_	Aspect=Perf|Gender=Masc|Mood=Ind|Number=Sing|Tense=Past|VerbForm=Fin|Voice=Act	_	_	_	@ap1998m-words#@ap1998m#12.078#12.343
290	там	там	ADV	_	Degree=Pos	_	_	_	@ap1998m-words#@ap1998m#12.343#12.608
291	/	/	PUNCT	_	_	_	_	_	@ap1998m-words#@ap1998m#12.608#12.873
292	долгое	долгий	ADJ	_	Case=Acc|Degree=Pos|Gender=Neut|Number=Sing	_	_	_	@ap1998m-words#@ap1998m#12.873#13.138
293	время	время	NOUN	_	Animacy=Inan|Case=Acc|Gender=Neut|Number=Sing	_	_	_	@ap1998m-words#@ap1998m#13.138#13.403
294	то	то	CCONJ	_	_	_	_	_	@ap1998m-words#@ap1998m#13.403#13.668
295	есть	есть	CCONJ	_	_	_	_	_	@ap1998m-words#@ap1998m#13.668#13.933
296	[нрзб]	[нрзб]	PUNCT	_	_	_	_	_	@ap1998m-words#@ap1998m#13.933#14.198
297	ну	ну	PART	_	_	_	_	_	@ap1998m-words#@ap1998m#14.198#14.463
298	до	до	ADP	_	_	_	_	_	@ap1998m-words#@ap1998m#14.463#14.728
299	одиннадцати	одиннадцать	NUM	_	Case=Gen	_	_	_	@ap1998m-words#@ap1998m#14.728#14.993
300	классов	класс	NOUN	_	Animacy=Inan|Case=Gen|Gender=Masc|Number=Plur	_	_	_	@ap1998m-words#@ap1998m#14.993#15.259
301	и	и	CCONJ	_	_	_	_	_	@ap1998m-words#@ap1998m#15.592#15.932
302	жил	жить	VERB	_	Aspect=Imp|Gender=Masc|Mood=Ind|Number=Sing|Tense=Past|VerbForm=Fin|Voice=Act	_	_	_	@ap1998m-words#@ap1998m#15.932#16.272
303	с	с	ADP	_	_	_	_	_	@ap1998m-words#@ap1998m#16.272#16.612
304	родителями	родитель	NOUN	_	Animacy=Anim|Case=Ins|Gender=Masc|Number=Plur	_	_	_	@ap1998m-words#@ap1998m#16.612#16.952
305	но	но	CCONJ	_	_	_	_	_	@ap1998m-words#@ap1998m#16.952#17.296
306	ээм	ээм	INTJ	_	_	_	_	_	@ap1998m-words#@ap1998m#17.95#18.253
307	/	/	PUNCT	_	_	_	_	_	@ap1998m-words#@ap1998m#18.253#18.556
308	я	я	PRON	_	Case=Nom|Number=Sing|Person=1	_	_	_	@ap1998m-words#@ap1998m#18.556#18.859
309	не	не	PART	_	_	_	_	_	@ap1998m-words#@ap1998m#18.859#19.162
310	могу	мочь	VERB	_	Aspect=Imp|Mood=Ind|Number=Sing|Person=1|Tense=Pres|VerbForm=Fin|Voice=Act	_	_	_	@ap1998m-words#@ap1998m#19.162#19.465
311	сказать	сказать	VERB	_	Aspect=Perf|VerbForm=Inf|Voice=Act	_	_	_	@ap1998m-words#@ap1998m#19.465#19.768
312	что	что	PRON	_	Case=Acc	_	_	_	@ap1998m-words#@ap1998m#19.768#20.071
313	я	я	PRON	_	Case=Nom|Number=Sing|Person=1	_	_	_	@ap1998m-words#@ap1998m#20.071#20.374
314	был	быть	VERB	_	Aspect=Imp|Gender=Masc|Mood=Ind|Number=Sing|Tense=Past|VerbForm=Fin|Voice=Act	_	_	_	@ap1998m-words#@ap1998m#20.374#20.677
315	/	/	PUNCT	_	_	_	_	_	@ap1998m-words#@ap1998m#20.677#20.98
316	вовлечён	вовлечёть	NOUN	_	Animacy=Inan|Case=Nom|Gender=Masc|Number=Sing	_	_	_	@ap1998m-words#@ap1998m#20.98#21.283
317	в	в	ADP	_	_	_	_	_	@ap1998m-words#@ap1998m#21.283#21.586
318	то	тот	DET	_	Case=Acc|Gender=Neut|Number=Sing	_	_	_	@ap1998m-words#@ap1998m#21.586#21.889
319	/	/	PUNCT	_	_	_	_	_	@ap1998m-words#@ap1998m#21.889#22.192
320	общество	общество	NOUN	_	Animacy=Inan|Case=Acc|Gender=Neut|Number=Sing	_	_	_	@ap1998m-words#@ap1998m#22.192#22.495
321	потому	потому	ADV	_	Degree=Pos	_	_	_	@ap1998m-words#@ap1998m#22.495#22.798
322	что	что	SCONJ	_	_	_	_	_	@ap1998m-words#@ap1998m#22.798#23.101
323	у	у	ADP	_	_	_	_	_	@ap1998m-words#@ap1998m#23.101#23.404
324	меня	я	PRON	_	Case=Gen|Number=Sing|Person=1	_	_	_	@ap1998m-words#@ap1998m#23.404#23.707
325	не	не	PART	_	_	_	_	_	@ap1998m-words#@ap1998m#23.707#24.01
326	было	быть	VERB	_	Aspect=Imp|Gender=Neut|Mood=Ind|Number=Sing|Tense=Past|VerbForm=Fin|Voice=Act	_	_	_	@ap1998m-words#@ap1998m#24.01#24.313
327	там	там	ADV	_	Degree=Pos	_	_	_	@ap1998m-words#@ap1998m#24.313#24.616
328	ни	ни	CCONJ	_	_	_	_	_	@ap1998m-words#@ap1998m#24.616#24.919
329	друзей	друг	NOUN	_	Animacy=Anim|Case=Gen|Gender=Masc|Number=Plur	_	_	_	@ap1998m-words#@ap1998m#24.919#25.222
330	никого	никто	PRON	_	Case=Acc	_	_	_	@ap1998m-words#@ap1998m#25.222#25.525
331	я	я	PRON	_	Case=Nom|Number=Sing|Person=1	_	_	_	@ap1998m-words#@ap1998m#25.525#25.828
332	смотрел	смотреть	VERB	_	Aspect=Imp|Gender=Masc|Mood=Ind|Number=Sing|Tense=Past|VerbForm=Fin|Voice=Act	_	_	_	@ap1998m-words#@ap1998m#25.828#26.131
333	/	/	PUNCT	_	_	_	_	_	@ap1998m-words#@ap1998m#26.131#26.434
334	на	на	ADP	_	_	_	_	_	@ap1998m-words#@ap1998m#26.434#26.737
335	/	/	PUNCT	_	_	_	_	_	@ap1998m-words#@ap1998m#26.737#27.04
336	людей	человек	NOUN	_	Animacy=Anim|Case=Acc|Gender=Masc|Number=Plur	_	_	_	@ap1998m-words#@ap1998m#27.04#27.343
337	вокруг	вокруг	ADV	_	Degree=Pos	_	_	_	@ap1998m-words#@ap1998m#27.343#27.646
338	и	и	PART	_	_	_	_	_	@ap1998m-words#@ap1998m#27.646#27.949
339	понимал	понимать	VERB	_	Aspect=Imp|Gender=Masc|Mood=Ind|Number=Sing|Tense=Past|VerbForm=Fin|Voice=Act	_	_	_	@ap1998m-words#@ap1998m#27.949#28.252
340	/	/	PUNCT	_	_	_	_	_	@ap1998m-words#@ap1998m#28.252#28.555
341	блять	блять	INTJ	_	_	_	_	_	@ap1998m-words#@ap1998m#28.555#28.858
342	это	это	PRON	_	Animacy=Inan|Case=Acc|Gender=Neut|Number=Sing	_	_	_	@ap1998m-words#@ap1998m#28.858#29.161
343	/	/	PUNCT	_	_	_	_	_	@ap1998m-words#@ap1998m#29.161#29.464
344	это	это	PRON	_	Animacy=Inan|Case=Nom|Gender=Neut|Number=Sing	_	_	_	@ap1998m-words#@ap1998m#29.464#29.767
345	не	не	PART	_	_	_	_	_	@ap1998m-words#@ap1998m#29.767#30.07
346	так	так	ADV	_	Degree=Pos	_	_	_	@ap1998m-words#@ap1998m#30.07#30.373
347	как	как	SCONJ	_	_	_	_	_	@ap1998m-words#@ap1998m#30.373#30.676
348	должно	должен	ADJ	_	Degree=Pos|Gender=Neut|Number=Sing|Variant=Short	_	_	_	@ap1998m-words#@ap1998m#30.676#30.979
349	быть	быть	AUX	_	Aspect=Imp|VerbForm=Inf|Voice=Act	_	_	_	@ap1998m-words#@ap1998m#30.979#31.285
350	ии	и	CCONJ	_	_	_	_	_	@ap1998m-words#@ap1998m#31.311#31.376
351	всё	весь	DET	_	Case=Acc|Gender=Neut|Number=Sing	_	_	_	@ap1998m-words#@ap1998m#33.012#33.646
352	менталитет	менталитет	NOUN	_	Animacy=Inan|Case=Acc|Gender=Masc|Number=Sing	_	_	_	@ap1998m-words#@ap1998m#33.646#34.28
353	/	/	PUNCT	_	_	_	_	_	@ap1998m-words#@ap1998m#34.28#34.914
354	ээм	ээм	INTJ	_	_	_	_	_	@ap1998m-words#@ap1998m#34.914#35.548
355	какая-то	какой-то	DET	_	Case=Nom|Gender=Fem|Number=Sing	_	_	_	@ap1998m-words#@ap1998m#35.548#36.182
356	зависть	зависть	NOUN	_	Animacy=Inan|Case=Nom|Gender=Fem|Number=Sing	_	_	_	@ap1998m-words#@ap1998m#36.182#36.816
357	ии	и	CCONJ	_	_	_	_	_	@ap1998m-words#@ap1998m#36.816#37.45
358	мм	мм	INTJ	_	_	_	_	_	@ap1998m-words#@ap1998m#37.45#38.09
359	просто	просто	PART	_	_	_	_	_	@ap1998m-words#@ap1998m#38.373#38.788
360	уродское	уродский	ADJ	_	Case=Nom|Degree=Pos|Gender=Neut|Number=Sing	_	_	_	@ap1998m-words#@ap1998m#38.788#39.203
361	какое-то	какой-то	DET	_	Case=Nom|Gender=Neut|Number=Sing	_	_	_	@ap1998m-words#@ap1998m#39.203#39.618
362	мышление	мышление	NOUN	_	Animacy=Inan|Case=Nom|Gender=Neut|Number=Sing	_	_	_	@ap1998m-words#@ap1998m#39.618#40.033
363	/	/	PUNCT	_	_	_	_	_	@ap1998m-words#@ap1998m#40.033#40.448
364	быдло	быдло	NOUN	_	Animacy=Inan|Case=Nom|Gender=Neut|Number=Sing	_	_	_	@ap1998m-words#@ap1998m#40.448#40.863
365	вокруг	вокруг	ADP	_	_	_	_	_	@ap1998m-words#@ap1998m#40.863#41.278
366	м	м	INTJ	_	_	_	_	_	@ap1998m-words#@ap1998m#41.278#41.693
367	я	я	PRON	_	Case=Nom|Number=Sing|Person=1	_	_	_	@ap1998m-words#@ap1998m#41.693#42.108
368	тогда	тогда	ADV	_	Degree=Pos	_	_	_	@ap1998m-words#@ap1998m#42.108#42.523
369	понимал	понимать	VERB	_	Aspect=Imp|Gender=Masc|Mood=Ind|Number=Sing|Tense=Past|VerbForm=Fin|Voice=Act	_	_	_	@ap1998m-words#@ap1998m#42.523#42.94
370	что	что	PRON	_	Case=Acc	_	_	_	@ap1998m-words#@ap1998m#43.641#43.907
371	это	это	PRON	_	Animacy=Inan|Case=Acc|Gender=Neut|Number=Sing	_	_	_	@ap1998m-words#@ap1998m#43.907#44.173
372	полный	полный	ADJ	_	Case=Nom|Degree=Pos|Gender=Masc|Number=Sing	_	_	_	@ap1998m-words#@ap1998m#44.173#44.439
373	пиздец	пиздец	NOUN	_	Animacy=Anim|Case=Nom|Gender=Masc|Number=Sing	_	_	_	@ap1998m-words#@ap1998m#44.439#44.705
374	наверное	наверное	ADV	_	Degree=Pos	_	_	_	@ap1998m-words#@ap1998m#44.705#44.971
375	класса	класс	NOUN	_	Animacy=Inan|Case=Gen|Gender=Masc|Number=Sing	_	_	_	@ap1998m-words#@ap1998m#44.971#45.237
376	с	с	ADP	_	_	_	_	_	@ap1998m-words#@ap1998m#45.237#45.503
377	пятого	пятого	ADJ	_	Case=Gen|Degree=Pos|Gender=Masc|Number=Sing	_	_	_	@ap1998m-words#@ap1998m#45.503#45.769
378	может	мочь	VERB	_	Aspect=Imp|Mood=Ind|Number=Sing|Person=3|Tense=Pres|VerbForm=Fin|Voice=Act	_	_	_	@ap1998m-words#@ap1998m#45.769#46.035
379	быть	быть	VERB	_	Aspect=Imp|VerbForm=Inf|Voice=Act	_	_	_	@ap1998m-words#@ap1998m#46.035#46.301
380	/	/	PUNCT	_	_	_	_	_	@ap1998m-words#@ap1998m#46.301#46.567
381	я	я	PRON	_	Case=Nom|Number=Sing|Person=1	_	_	_	@ap1998m-words#@ap1998m#46.567#46.833
382	там	там	ADV	_	Degree=Pos	_	_	_	@ap1998m-words#@ap1998m#46.833#47.099
383	жил	жить	VERB	_	Aspect=Imp|Gender=Masc|Mood=Ind|Number=Sing|Tense=Past|VerbForm=Fin|Voice=Act	_	_	_	@ap1998m-words#@ap1998m#47.099#47.365
384	как	как	SCONJ	_	_	_	_	_	@ap1998m-words#@ap1998m#47.365#47.631
385	у	у	ADP	_	_	_	_	_	@ap1998m-words#@ap1998m#47.631#47.897
386	моих	мой	DET	_	Case=Gen|Number=Plur	_	_	_	@ap1998m-words#@ap1998m#47.897#48.163
387	родителей	родитель	NOUN	_	Animacy=Anim|Case=Gen|Gender=Masc|Number=Plur	_	_	_	@ap1998m-words#@ap1998m#48.163#48.429
388	дом	дом	NOUN	_	Animacy=Inan|Case=Nom|Gender=Masc|Number=Sing	_	_	_	@ap1998m-words#@ap1998m#48.429#48.701
389	ээ	ээ	INTJ	_	_	_	_	_	@ap1998m-words#@ap1998m#49.074#49.536
390	/	/	PUNCT	_	_	_	_	_	@ap1998m-words#@ap1998m#49.536#49.998
391	двухэтажный	двухэтажный	ADJ	_	Case=Nom|Degree=Pos|Gender=Masc|Number=Sing	_	_	_	@ap1998m-words#@ap1998m#49.998#50.462
392	и	и	CCONJ	_	_	_	_	_	@ap1998m-words#@ap1998m#50.85#51.151
393	вокруг	вокруг	ADP	_	_	_	_	_	@ap1998m-words#@ap1998m#51.151#51.452
394	дома	дом	NOUN	_	Animacy=Inan|Case=Gen|Gender=Masc|Number=Sing	_	_	_	@ap1998m-words#@ap1998m#51.452#51.753
395	блять	блять	INTJ	_	_	_	_	_	@ap1998m-words#@ap1998m#51.753#52.054
396	кирпичный	кирпичный	ADJ	_	Animacy=Inan|Case=Acc|Degree=Pos|Gender=Masc|Number=Sing	_	_	_	@ap1998m-words#@ap1998m#52.054#52.355
397	забор	забор	NOUN	_	Animacy=Inan|Case=Acc|Gender=Masc|Number=Sing	_	_	_	@ap1998m-words#@ap1998m#52.355#52.656
398	высокий	высокий	ADJ	_	Animacy=Inan|Case=Acc|Degree=Pos|Gender=Masc|Number=Sing	_	_	_	@ap1998m-words#@ap1998m#52.656#52.957
399	/	/	PUNCT	_	_	_	_	_	@ap1998m-words#@ap1998m#52.957#53.258
400	и	и	CCONJ	_	_	_	_	_	@ap1998m-words#@ap1998m#53.258#53.559
401	вот	вот	PART	_	_	_	_	_	@ap1998m-words#@ap1998m#53.559#53.86
402	в	в	ADP	_	_	_	_	_	@ap1998m-words#@ap1998m#53.86#54.161
403	этих	этот	DET	_	Case=Loc|Number=Plur	_	_	_	@ap1998m-words#@ap1998m#54.161#54.462
404	э	э	INTJ	_	_	_	_	_	@ap1998m-words#@ap1998m#54.473#55.058
405	/	/	PUNCT	_	_	_	_	_	@ap1998m-words#@ap1998m#55.058#55.643
406	условиях	условие	NOUN	_	Animacy=Inan|Case=Loc|Gender=Neut|Number=Plur	_	_	_	@ap1998m-words#@ap1998m#55.643#56.228
407	э	э	INTJ	_	_	_	_	_	@ap1998m-words#@ap1998m#56.684#56.953
408	в	в	ADP	_	_	_	_	_	@ap1998m-words#@ap1998m#56.953#57.222
409	знаешь	знать	VERB	_	Aspect=Imp|Mood=Ind|Number=Sing|Person=2|Tense=Pres|VerbForm=Fin|Voice=Act	_	_	_	@ap1998m-words#@ap1998m#57.222#57.491
410	как	как	SCONJ	_	_	_	_	_	@ap1998m-words#@ap1998m#57.491#57.76
411	островок	островок	NOUN	_	Animacy=Inan|Case=Acc|Gender=Masc|Number=Sing	_	_	_	@ap1998m-words#@ap1998m#57.76#58.029
412	вот	вот	PART	_	_	_	_	_	@ap1998m-words#@ap1998m#58.029#58.298
413	/	/	PUNCT	_	_	_	_	_	@ap1998m-words#@ap1998m#58.298#58.567
414	ээ	ээ	INTJ	_	_	_	_	_	@ap1998m-words#@ap1998m#58.567#58.836
415	/	/	PUNCT	_	_	_	_	_	@ap1998m-words#@ap1998m#58.836#59.105
416	в	в	ADP	_	_	_	_	_	@ap1998m-words#@ap1998m#59.105#59.374
417	этом	этот	DET	_	Case=Loc|Gender=Masc|Number=Sing	_	_	_	@ap1998m-words#@ap1998m#59.374#59.643
418	говне	говно	NOUN	_	Animacy=Inan|Case=Loc|Gender=Masc|Number=Sing	_	_	_	@ap1998m-words#@ap1998m#59.643#59.912
419	/	/	PUNCT	_	_	_	_	_	@ap1998m-words#@ap1998m#59.912#60.181
420	я	я	PRON	_	Case=Nom|Number=Sing|Person=1	_	_	_	@ap1998m-words#@ap1998m#60.181#60.45
421	/	/	PUNCT	_	_	_	_	_	@ap1998m-words#@ap1998m#60.45#60.719
422	жил	жить	VERB	_	Aspect=Imp|Gender=Masc|Mood=Ind|Number=Sing|Tense=Past|VerbForm=Fin|Voice=Act	_	_	_	@ap1998m-words#@ap1998m#60.719#60.988
423	/	/	PUNCT	_	_	_	_	_	@ap1998m-words#@ap1998m#60.988#61.257
424	там	там	ADV	_	Degree=Pos	_	_	_	@ap1998m-words#@ap1998m#61.257#61.526
425	/	/	PUNCT	_	_	_	_	_	@ap1998m-words#@ap1998m#61.526#61.795
426	на	на	ADP	_	_	_	_	_	@ap1998m-words#@ap1998m#61.795#62.064
427	этом	этот	DET	_	Case=Loc|Gender=Masc|Number=Sing	_	_	_	@ap1998m-words#@ap1998m#62.064#62.333
428	островке	островок	NOUN	_	Animacy=Inan|Case=Loc|Gender=Masc|Number=Sing	_	_	_	@ap1998m-words#@ap1998m#62.333#62.602
429	/	/	PUNCT	_	_	_	_	_	@ap1998m-words#@ap1998m#62.602#62.871
430	и	и	CCONJ	_	_	_	_	_	@ap1998m-words#@ap1998m#62.871#63.14
431	ни	ни	PART	_	_	_	_	_	@ap1998m-words#@ap1998m#63.14#63.409
432	с	с	ADP	_	_	_	_	_	@ap1998m-words#@ap1998m#63.409#63.678
433	кем	кто	PRON	_	Case=Ins	_	_	_	@ap1998m-words#@ap1998m#63.678#63.947
434	не	не	PART	_	_	_	_	_	@ap1998m-words#@ap1998m#63.947#64.216
435	общался	общаться	VERB	_	Aspect=Imp|Gender=Masc|Mood=Ind|Number=Sing|Tense=Past|VerbForm=Fin|Voice=Mid	_	_	_	@ap1998m-words#@ap1998m#64.216#64.485
436	/	/	PUNCT	_	_	_	_	_	@ap1998m-words#@ap1998m#64.485#64.754
437	ни	ни	CCONJ	_	_	_	_	_	@ap1998m-words#@ap1998m#64.754#65.023
438	с	с	ADP	_	_	_	_	_	@ap1998m-words#@ap1998m#65.023#65.292
439	кем	кто	PRON	_	Case=Ins	_	_	_	@ap1998m-words#@ap1998m#65.292#65.561
440	не	не	PART	_	_	_	_	_	@ap1998m-words#@ap1998m#65.561#65.83
441	поддерживал	поддерживать	VERB	_	Aspect=Imp|Gender=Masc|Mood=Ind|Number=Sing|Tense=Past|VerbForm=Fin|Voice=Act	_	_	_	@ap1998m-words#@ap1998m#65.83#66.099
442	связь	связь	NOUN	_	Animacy=Inan|Case=Acc|Gender=Fem|Number=Sing	_	_	_	@ap1998m-words#@ap1998m#66.099#66.368
443	у	у	ADP	_	_	_	_	_	@ap1998m-words#@ap1998m#66.368#66.637
444	меня	я	PRON	_	Case=Gen|Number=Sing|Person=1	_	_	_	@ap1998m-words#@ap1998m#66.637#66.906
445	была	быть	VERB	_	Aspect=Imp|Gender=Fem|Mood=Ind|Number=Sing|Tense=Past|VerbForm=Fin|Voice=Act	_	_	_	@ap1998m-words#@ap1998m#66.906#67.175
446	одна	один	NUM	_	Case=Nom|Gender=Fem	_	_	_	@ap1998m-words#@ap1998m#67.175#67.444
447	единственная	единственный	ADJ	_	Case=Nom|Degree=Pos|Gender=Fem|Number=Sing	_	_	_	@ap1998m-words#@ap1998m#67.444#67.713
448	подруга	подруга	NOUN	_	Animacy=Anim|Case=Nom|Gender=Fem|Number=Sing	_	_	_	@ap1998m-words#@ap1998m#67.713#67.982
449	и	и	CCONJ	_	_	_	_	_	@ap1998m-words#@ap1998m#67.982#68.251
450	всё	весь	DET	_	Case=Acc|Gender=Neut|Number=Sing	_	_	_	@ap1998m-words#@ap1998m#68.251#68.561
451	ии	ии	CCONJ	_	_	_	_	_	@ap1998m-words#@ap1998m#69.157#69.517
452	там	там	ADV	_	Degree=Pos	_	_	_	@ap1998m-words#@ap1998m#69.517#69.877
453	/	/	PUNCT	_	_	_	_	_	@ap1998m-words#@ap1998m#69.877#70.237
454	я	я	PRON	_	Case=Nom|Number=Sing|Person=1	_	_	_	@ap1998m-words#@ap1998m#70.237#70.597
455	провёл	провести	VERB	_	Aspect=Perf|Gender=Masc|Mood=Ind|Number=Sing|Tense=Past|VerbForm=Fin|Voice=Act	_	_	_	@ap1998m-words#@ap1998m#70.597#70.957
456	своё	свой	DET	_	Case=Acc|Gender=Neut|Number=Sing	_	_	_	@ap1998m-words#@ap1998m#70.957#71.317
457	время	время	NOUN	_	Animacy=Inan|Case=Acc|Gender=Neut|Number=Sing	_	_	_	@ap1998m-words#@ap1998m#71.317#71.677
458	и	и	CCONJ	_	_	_	_	_	@ap1998m-words#@ap1998m#71.677#72.037
459	единственное	единственный	ADJ	_	Case=Acc|Degree=Pos|Gender=Neut|Number=Sing	_	_	_	@ap1998m-words#@ap1998m#72.037#72.397
460	куда	куда	ADV	_	Degree=Pos	_	_	_	@ap1998m-words#@ap1998m#72.397#72.757
461	я	я	PRON	_	Case=Nom|Number=Sing|Person=1	_	_	_	@ap1998m-words#@ap1998m#72.757#73.117
462	выходил	выходить	VERB	_	Aspect=Imp|Gender=Masc|Mood=Ind|Number=Sing|Tense=Past|VerbForm=Fin|Voice=Act	_	_	_	@ap1998m-words#@ap1998m#73.117#73.477
463	это	это	PRON	_	Animacy=Inan|Case=Acc|Gender=Neut|Number=Sing	_	_	_	@ap1998m-words#@ap1998m#73.477#73.837
464	в	в	ADP	_	_	_	_	_	@ap1998m-words#@ap1998m#73.837#74.197
465	интернет	интернет	NOUN	_	Animacy=Inan|Case=Acc|Gender=Masc|Number=Sing	_	_	_	@ap1998m-words#@ap1998m#74.197#74.557
466	вот	вот	PART	_	_	_	_	_	@ap1998m-words#@ap1998m#74.557#74.917
467	я	я	PRON	_	Case=Nom|Number=Sing|Person=1	_	_	_	@ap1998m-words#@ap1998m#74.917#75.277
468	/	/	PUNCT	_	_	_	_	_	@ap1998m-words#@ap1998m#75.277#75.637
469	всё	весь	PRON	_	Animacy=Inan|Case=Acc|Gender=Neut|Number=Sing	_	_	_	@ap1998m-words#@ap1998m#75.637#75.997
470	своё	свой	DET	_	Case=Acc|Gender=Neut|Number=Sing	_	_	_	@ap1998m-words#@ap1998m#75.997#76.368
471	юношество	юношество	NOUN	_	Animacy=Inan|Case=Acc|Gender=Neut|Number=Sing	_	_	_	@ap1998m-words#@ap1998m#77.0#77.403
472	провёл	провести	VERB	_	Aspect=Perf|Gender=Masc|Mood=Ind|Number=Sing|Tense=Past|VerbForm=Fin|Voice=Act	_	_	_	@ap1998m-words#@ap1998m#77.403#77.806
473	просто	просто	PART	_	_	_	_	_	@ap1998m-words#@ap1998m#77.806#78.209
474	/	/	PUNCT	_	_	_	_	_	@ap1998m-words#@ap1998m#78.209#78.612
475	в	в	ADP	_	_	_	_	_	@ap1998m-words#@ap1998m#78.612#79.015
476	интернете	интернет	NOUN	_	Animacy=Inan|Case=Loc|Gender=Masc|Number=Sing	_	_	_	@ap1998m-words#@ap1998m#79.015#79.421
477	я	я	PRON	_	Case=Nom|Number=Sing|Person=1	_	_	_	@ap1998m-words#@ap1998m#82.245#82.539
478	его	он	PRON	_	Case=Acc|Gender=Masc|Number=Sing|Person=3	_	_	_	@ap1998m-words#@ap1998m#82.539#82.833
479	не	не	PART	_	_	_	_	_	@ap1998m-words#@ap1998m#82.833#83.127
480	называю	называть	VERB	_	Aspect=Imp|Mood=Ind|Number=Sing|Person=1|Tense=Pres|VerbForm=Fin|Voice=Act	_	_	_	@ap1998m-words#@ap1998m#83.127#83.421
481	зн...	зн...	X	_	_	_	_	_	@ap1998m-words#@ap1998m#83.421#83.715
482	по	по	ADP	_	_	_	_	_	@ap1998m-words#@ap1998m#83.715#84.009
483	причине	причина	NOUN	_	Animacy=Inan|Case=Dat|Gender=Fem|Number=Sing	_	_	_	@ap1998m-words#@ap1998m#84.009#84.303
484	того	то	PRON	_	Animacy=Inan|Case=Gen|Gender=Neut|Number=Sing	_	_	_	@ap1998m-words#@ap1998m#84.303#84.597
485	что	что	SCONJ	_	_	_	_	_	@ap1998m-words#@ap1998m#84.597#84.891
486	у	у	ADP	_	_	_	_	_	@ap1998m-words#@ap1998m#84.891#85.185
487	меня	я	PRON	_	Case=Gen|Number=Sing|Person=1	_	_	_	@ap1998m-words#@ap1998m#85.185#85.479
488	просто	просто	PART	_	_	_	_	_	@ap1998m-words#@ap1998m#85.479#85.773
489	там	там	ADV	_	Degree=Pos	_	_	_	@ap1998m-words#@ap1998m#85.773#86.067
490	живут	жить	VERB	_	Aspect=Imp|Mood=Ind|Number=Plur|Person=3|Tense=Pres|VerbForm=Fin|Voice=Act	_	_	_	@ap1998m-words#@ap1998m#86.067#86.361
491	родители	родитель	NOUN	_	Animacy=Anim|Case=Nom|Gender=Masc|Number=Plur	_	_	_	@ap1998m-words#@ap1998m#86.361#86.655
492	/	/	PUNCT	_	_	_	_	_	@ap1998m-words#@ap1998m#86.655#86.949
493	родственники	родственник	NOUN	_	Animacy=Anim|Case=Nom|Gender=Masc|Number=Plur	_	_	_	@ap1998m-words#@ap1998m#86.949#87.243
494	ну	ну	PART	_	_	_	_	_	@ap1998m-words#@ap1998m#87.243#87.537
495	как	как	ADV	_	Degree=Pos	_	_	_	@ap1998m-words#@ap1998m#87.537#87.831
496	бы	бы	PART	_	_	_	_	_	@ap1998m-words#@ap1998m#87.831#88.125
497	/	/	PUNCT	_	_	_	_	_	@ap1998m-words#@ap1998m#88.125#88.419
498	зачем	зачем	ADV	_	Degree=Pos	_	_	_	@ap1998m-words#@ap1998m#88.419#88.713
499	лишнее	лишний	ADJ	_	Case=Acc|Degree=Pos|Gender=Neut|Number=Sing	_	_	_	@ap1998m-words#@ap1998m#88.713#89.007
500	вот	вот	PART	_	_	_	_	_	@ap1998m-words#@ap1998m#89.007#89.301
501	это	этот	DET	_	Case=Nom|Gender=Neut|Number=Sing	_	_	_	@ap1998m-words#@ap1998m#89.301#89.614
502	внимание	внимание	NOUN	_	Animacy=Inan|Case=Nom|Gender=Neut|Number=Sing	_	_	_	@ap1998m-words#@ap1998m#89.684#90.011
503	к	к	ADP	_	_	_	_	_	@ap1998m-words#@ap1998m#90.011#90.338
504	ним	они	PRON	_	Case=Dat|Number=Plur|Person=3	_	_	_	@ap1998m-words#@ap1998m#90.338#90.666
505	нуу	ну	PART	_	_	_	_	_	@ap1998m-words#@ap1998m#95.929#96.248
506	/	/	PUNCT	_	_	_	_	_	@ap1998m-words#@ap1998m#96.248#96.567
507	всё	все	PRON	_	Animacy=Inan|Case=Nom|Gender=Neut|Number=Sing	_	_	_	@ap1998m-words#@ap1998m#96.567#96.886
508	может	мочь	VERB	_	Aspect=Imp|Mood=Ind|Number=Sing|Person=3|Tense=Pres|VerbForm=Fin|Voice=Act	_	_	_	@ap1998m-words#@ap1998m#96.886#97.205
509	быть	быть	AUX	_	Aspect=Imp|VerbForm=Inf|Voice=Act	_	_	_	@ap1998m-words#@ap1998m#97.205#97.526
510	только	только	PART	_	_	_	_	_	@ap1998m-words#@ap1998m#98.017#98.356
511	из	из	ADP	_	_	_	_	_	@ap1998m-words#@ap1998m#98.356#98.695
512	этих	этот	DET	_	Case=Gen|Number=Plur	_	_	_	@ap1998m-words#@ap1998m#98.695#99.034
513	целей	цель	NOUN	_	Animacy=Inan|Case=Gen|Gender=Fem|Number=Plur	_	_	_	@ap1998m-words#@ap1998m#99.034#99.373
514	не	не	PART	_	_	_	_	_	@ap1998m-words#@ap1998m#99.373#99.712
515	говорю	говорить	VERB	_	Aspect=Imp|Mood=Ind|Number=Sing|Person=1|Tense=Pres|VerbForm=Fin|Voice=Act	_	_	_	@ap1998m-words#@ap1998m#99.712#100.052
516	ну	ну	PART	_	_	_	_	_	@ap1998m-words#@ap1998m#107.361#107.747
517	читал	читать	VERB	_	Aspect=Imp|Gender=Masc|Mood=Ind|Number=Sing|Tense=Past|VerbForm=Fin|Voice=Act	_	_	_	@ap1998m-words#@ap1998m#107.747#108.133
518	всякие	всякий	DET	_	Case=Acc|Number=Plur	_	_	_	@ap1998m-words#@ap1998m#108.133#108.521
519	статейки	статейка	NOUN	_	Animacy=Inan|Case=Acc|Gender=Fem|Number=Plur	_	_	_	@ap1998m-words#@ap1998m#108.565#109.079
520	интересные	интересный	ADJ	_	Animacy=Inan|Case=Acc|Degree=Pos|Number=Plur	_	_	_	@ap1998m-words#@ap1998m#109.079#109.593
521	/	/	PUNCT	_	_	_	_	_	@ap1998m-words#@ap1998m#109.593#110.107
522	ээм	ээм	INTJ	_	_	_	_	_	@ap1998m-words#@ap1998m#110.107#110.621
523	/	/	PUNCT	_	_	_	_	_	@ap1998m-words#@ap1998m#110.621#111.135
524	потом	потом	ADV	_	Degree=Pos	_	_	_	@ap1998m-words#@ap1998m#111.135#111.649
525	/	/	PUNCT	_	_	_	_	_	@ap1998m-words#@ap1998m#111.649#112.163
526	делал	делать	VERB	_	Aspect=Imp|Gender=Masc|Mood=Ind|Number=Sing|Tense=Past|VerbForm=Fin|Voice=Act	_	_	_	@ap1998m-words#@ap1998m#112.163#112.677
527	какие-то	какой-то	DET	_	Case=Acc|Number=Plur	_	_	_	@ap1998m-words#@ap1998m#112.677#113.191
528	паблики	паблик	NOUN	_	Animacy=Inan|Case=Acc|Gender=Masc|Number=Plur	_	_	_	@ap1998m-words#@ap1998m#113.191#113.705
529	/	/	PUNCT	_	_	_	_	_	@ap1998m-words#@ap1998m#113.705#114.219
530	вконтакте	вконтакте	NOUN	_	Animacy=Inan|Case=Loc|Gender=Masc|Number=Plur	_	_	_	@ap1998m-words#@ap1998m#114.219#114.739
531	ну	ну	PART	_	_	_	_	_	@ap1998m-words#@ap1998m#115.065#115.371
532	всякие	всякий	DET	_	Case=Nom|Number=Plur	_	_	_	@ap1998m-words#@ap1998m#115.371#115.677
533	знаешь	знать	VERB	_	Aspect=Imp|Mood=Ind|Number=Sing|Person=2|Tense=Pres|VerbForm=Fin|Voice=Act	_	_	_	@ap1998m-words#@ap1998m#115.677#115.983
534	/	/	PUNCT	_	_	_	_	_	@ap1998m-words#@ap1998m#115.983#116.289
535	посты	пост	NOUN	_	Animacy=Inan|Case=Acc|Gender=Masc|Number=Plur	_	_	_	@ap1998m-words#@ap1998m#116.289#116.595
536	которые	который	PRON	_	Case=Nom|Number=Plur	_	_	_	@ap1998m-words#@ap1998m#116.595#116.901
537	постят	постить	VERB	_	Aspect=Perf|Mood=Ind|Number=Plur|Person=3|Tense=Fut|VerbForm=Fin|Voice=Act	_	_	_	@ap1998m-words#@ap1998m#116.901#117.207
538	там	там	ADV	_	Degree=Pos	_	_	_	@ap1998m-words#@ap1998m#117.207#117.513
539	/	/	PUNCT	_	_	_	_	_	@ap1998m-words#@ap1998m#117.513#117.819
540	с	с	ADP	_	_	_	_	_	@ap1998m-words#@ap1998m#117.819#118.125
541	прикольными	прикольный	ADJ	_	Case=Ins|Degree=Pos|Number=Plur	_	_	_	@ap1998m-words#@ap1998m#118.125#118.431
542	картинками	картинка	NOUN	_	Animacy=Inan|Case=Ins|Gender=Fem|Number=Plur	_	_	_	@ap1998m-words#@ap1998m#118.431#118.747
543	со	с	ADP	_	_	_	_	_	@ap1998m-words#@ap1998m#118.747#119.105
544	статьями	статья	NOUN	_	Animacy=Inan|Case=Ins|Gender=Fem|Number=Plur	_	_	_	@ap1998m-words#@ap1998m#119.105#119.463
545	со	с	ADP	_	_	_	_	_	@ap1998m-words#@ap1998m#119.8#120.392
546	статьями	статья	NOUN	_	Animacy=Inan|Case=Ins|Gender=Fem|Number=Plur	_	_	_	@ap1998m-words#@ap1998m#120.392#120.984
547	/	/	PUNCT	_	_	_	_	_	@ap1998m-words#@ap1998m#120.984#121.576
548	интересными	интересный	ADJ	_	Case=Ins|Degree=Pos|Number=Plur	_	_	_	@ap1998m-words#@ap1998m#121.576#122.168
549	и	и	CCONJ	_	_	_	_	_	@ap1998m-words#@ap1998m#122.715#123.036
550	вот	вот	PART	_	_	_	_	_	@ap1998m-words#@ap1998m#123.036#123.357
551	я	я	PRON	_	Case=Nom|Number=Sing|Person=1	_	_	_	@ap1998m-words#@ap1998m#123.357#123.678
552	/	/	PUNCT	_	_	_	_	_	@ap1998m-words#@ap1998m#123.678#123.999
553	этим	это	PRON	_	Animacy=Inan|Case=Ins|Gender=Neut|Number=Sing	_	_	_	@ap1998m-words#@ap1998m#123.999#124.32
554	всем	всё	PRON	_	Animacy=Anim|Case=Dat|Number=Plur	_	_	_	@ap1998m-words#@ap1998m#124.32#124.641
555	занимался	заниматься	VERB	_	Aspect=Imp|Gender=Masc|Mood=Ind|Number=Sing|Tense=Past|VerbForm=Fin|Voice=Mid	_	_	_	@ap1998m-words#@ap1998m#124.641#124.962
556	ии	и	CCONJ	_	_	_	_	_	@ap1998m-words#@ap1998m#124.962#125.283
557	/	/	PUNCT	_	_	_	_	_	@ap1998m-words#@ap1998m#125.283#125.604
558	уже	уже	ADV	_	Degree=Pos	_	_	_	@ap1998m-words#@ap1998m#125.604#125.925
559	тогда	тогда	ADV	_	Degree=Pos	_	_	_	@ap1998m-words#@ap1998m#125.925#126.246
560	мечтал	мечтать	VERB	_	Aspect=Imp|Gender=Masc|Mood=Ind|Number=Sing|Tense=Past|VerbForm=Fin|Voice=Act	_	_	_	@ap1998m-words#@ap1998m#126.246#126.567
561	о	о	ADP	_	_	_	_	_	@ap1998m-words#@ap1998m#126.567#126.888
562	каком-то	какой-то	DET	_	Case=Loc|Gender=Masc|Number=Sing	_	_	_	@ap1998m-words#@ap1998m#126.888#127.209
563	/	/	PUNCT	_	_	_	_	_	@ap1998m-words#@ap1998m#127.209#127.53
564	ээ	ээ	INTJ	_	_	_	_	_	@ap1998m-words#@ap1998m#127.53#127.851
565	/	/	PUNCT	_	_	_	_	_	@ap1998m-words#@ap1998m#127.851#128.172
566	какой-то	какой-то	DET	_	Case=Dat|Gender=Fem|Number=Sing	_	_	_	@ap1998m-words#@ap1998m#128.172#128.493
567	[нрзб]	[нрзб]	PUNCT	_	_	_	_	_	@ap1998m-words#@ap1998m#128.493#128.814
568	платформе	платформа	NOUN	_	Animacy=Inan|Case=Loc|Gender=Fem|Number=Sing	_	_	_	@ap1998m-words#@ap1998m#128.814#129.135
569	/	/	PUNCT	_	_	_	_	_	@ap1998m-words#@ap1998m#129.135#129.456
570	где	где	ADV	_	Degree=Pos	_	_	_	@ap1998m-words#@ap1998m#129.456#129.777
571	буду	быть	AUX	_	Aspect=Imp|Mood=Ind|Number=Sing|Person=1|Tense=Pres|VerbForm=Fin|Voice=Act	_	_	_	@ap1998m-words#@ap1998m#129.777#130.098
572	самовыражаться	самовыражаться	VERB	_	Aspect=Imp|VerbForm=Inf|Voice=Mid	_	_	_	@ap1998m-words#@ap1998m#130.098#130.431
573	играл	играть	VERB	_	Aspect=Imp|Gender=Masc|Mood=Ind|Number=Sing|Tense=Past|VerbForm=Fin|Voice=Act	_	_	_	@ap1998m-words#@ap1998m#130.953#131.263
574	в	в	ADP	_	_	_	_	_	@ap1998m-words#@ap1998m#131.263#131.573
575	компьютерные	компьютерный	ADJ	_	Animacy=Inan|Case=Acc|Degree=Pos|Number=Plur	_	_	_	@ap1998m-words#@ap1998m#131.573#131.883
576	игры	игра	NOUN	_	Animacy=Inan|Case=Acc|Gender=Fem|Number=Plur	_	_	_	@ap1998m-words#@ap1998m#131.883#132.193
577	/	/	PUNCT	_	_	_	_	_	@ap1998m-words#@ap1998m#132.193#132.503
578	вот	вот	PART	_	_	_	_	_	@ap1998m-words#@ap1998m#132.503#132.813
579	/	/	PUNCT	_	_	_	_	_	@ap1998m-words#@ap1998m#132.813#133.123
580	то	то	CCONJ	_	_	_	_	_	@ap1998m-words#@ap1998m#133.123#133.433
581	есть	есть	CCONJ	_	_	_	_	_	@ap1998m-words#@ap1998m#133.433#133.743
582	я	я	PRON	_	Case=Nom|Number=Sing|Person=1	_	_	_	@ap1998m-words#@ap1998m#133.743#134.053
583	просто	просто	PART	_	_	_	_	_	@ap1998m-words#@ap1998m#134.053#134.363
584	доживал	доживать	VERB	_	Aspect=Imp|Gender=Masc|Mood=Ind|Number=Sing|Tense=Past|VerbForm=Fin|Voice=Act	_	_	_	@ap1998m-words#@ap1998m#134.363#134.674
585	ээ	ээ	INTJ	_	_	_	_	_	@ap1998m-words#@ap1998m#135.116#135.517
586	/	/	PUNCT	_	_	_	_	_	@ap1998m-words#@ap1998m#135.517#135.918
587	то	то	PART	_	_	_	_	_	@ap1998m-words#@ap1998m#135.918#136.319
588	время	время	NOUN	_	Animacy=Inan|Case=Acc|Gender=Neut|Number=Sing	_	_	_	@ap1998m-words#@ap1998m#136.319#136.72
589	доживал	доживать	VERB	_	Aspect=Imp|Gender=Masc|Mood=Ind|Number=Sing|Tense=Past|VerbForm=Fin|Voice=Act	_	_	_	@ap1998m-words#@ap1998m#137.488#137.753
590	до	до	ADP	_	_	_	_	_	@ap1998m-words#@ap1998m#137.753#138.018
591	того	тот	DET	_	Case=Gen|Gender=Masc|Number=Sing	_	_	_	@ap1998m-words#@ap1998m#138.018#138.283
592	момента	момент	NOUN	_	Animacy=Inan|Case=Gen|Gender=Masc|Number=Sing	_	_	_	@ap1998m-words#@ap1998m#138.283#138.548
593	/	/	PUNCT	_	_	_	_	_	@ap1998m-words#@ap1998m#138.548#138.813
594	когда	когда	SCONJ	_	_	_	_	_	@ap1998m-words#@ap1998m#138.813#139.078
595	я	я	PRON	_	Case=Nom|Number=Sing|Person=1	_	_	_	@ap1998m-words#@ap1998m#139.078#139.343
596	просто	просто	PART	_	_	_	_	_	@ap1998m-words#@ap1998m#139.343#139.608
597	/	/	PUNCT	_	_	_	_	_	@ap1998m-words#@ap1998m#139.608#139.873
598	оттуда	оттуда	ADV	_	Degree=Pos	_	_	_	@ap1998m-words#@ap1998m#139.873#140.138
599	/	/	PUNCT	_	_	_	_	_	@ap1998m-words#@ap1998m#140.138#140.403
600	уеду	уехать	VERB	_	Aspect=Perf|Mood=Ind|Number=Sing|Person=1|Tense=Fut|VerbForm=Fin|Voice=Act	_	_	_	@ap1998m-words#@ap1998m#140.403#140.674
601	конечно	конечно	ADV	_	Degree=Pos	_	_	_	@ap1998m-words#@ap1998m#143.714#144.298
602	конечно	конечно	ADV	_	Degree=Pos	_	_	_	@ap1998m-words#@ap1998m#144.313#144.645
603	угу	угу	INTJ	_	_	_	_	_	@ap1998m-words#@ap1998m#147.76#148.24
604	сразу	сразу	ADV	_	Degree=Pos	_	_	_	@ap1998m-words#@ap1998m#149.0#149.52
605	хотел	хотеть	VERB	_	Aspect=Imp|Gender=Masc|Mood=Ind|Number=Sing|Tense=Past|VerbForm=Fin|Voice=Act	_	_	_	@ap1998m-words#@ap1998m#154.0#154.44
606	просто	просто	PART	_	_	_	_	_	@ap1998m-words#@ap1998m#154.44#154.88
607	нормально	нормально	ADV	_	Degree=Pos	_	_	_	@ap1998m-words#@ap1998m#154.88#155.32
608	жить	жить	VERB	_	Aspect=Imp|VerbForm=Inf|Voice=Act	_	_	_	@ap1998m-words#@ap1998m#155.32#155.76
609	/	/	PUNCT	_	_	_	_	_	@ap1998m-words#@ap1998m#155.76#156.2
610	нормальной	нормальный	ADJ	_	Case=Ins|Degree=Pos|Gender=Fem|Number=Sing	_	_	_	@ap1998m-words#@ap1998m#156.2#156.64
611	жизнью	жизнь	NOUN	_	Animacy=Inan|Case=Ins|Gender=Fem|Number=Sing	_	_	_	@ap1998m-words#@ap1998m#156.64#157.08
612	/	/	PUNCT	_	_	_	_	_	@ap1998m-words#@ap1998m#157.08#157.52
613	общаться	общаться	VERB	_	Aspect=Imp|VerbForm=Inf|Voice=Mid	_	_	_	@ap1998m-words#@ap1998m#157.52#157.96
614	с	с	ADP	_	_	_	_	_	@ap1998m-words#@ap1998m#157.96#158.4
615	нормальными	нормальный	ADJ	_	Case=Ins|Degree=Pos|Number=Plur	_	_	_	@ap1998m-words#@ap1998m#158.4#158.84
616	людьми	человек	NOUN	_	Animacy=Anim|Case=Ins|Gender=Masc|Number=Plur	_	_	_	@ap1998m-words#@ap1998m#158.84#159.28
617	ии	и	CCONJ	_	_	_	_	_	@ap1998m-words#@ap1998m#159.48#159.773
618	/	/	PUNCT	_	_	_	_	_	@ap1998m-words#@ap1998m#159.773#160.066
619	жить	жить	VERB	_	Aspect=Imp|VerbForm=Inf|Voice=Act	_	_	_	@ap1998m-words#@ap1998m#160.066#160.359
620	в	в	ADP	_	_	_	_	_	@ap1998m-words#@ap1998m#160.359#160.652
621	нормальных	нормальный	ADJ	_	Case=Loc|Degree=Pos|Number=Plur	_	_	_	@ap1998m-words#@ap1998m#160.652#160.945
622	условиях	условие	NOUN	_	Animacy=Inan|Case=Loc|Gender=Neut|Number=Plur	_	_	_	@ap1998m-words#@ap1998m#160.945#161.24
623	с	с	ADP	_	_	_	_	_	@ap1998m-words#@ap1998m#173.96#174.46
624	адекватными	адекватный	ADJ	_	Case=Ins|Degree=Pos|Number=Plur	_	_	_	@ap1998m-words#@ap1998m#174.46#174.96
625	я	я	PRON	_	Case=Nom|Number=Sing|Person=1	_	_	_	@ap1998m-words#@ap1998m#184.364#184.823
626	я	я	PRON	_	Case=Nom|Number=Sing|Person=1	_	_	_	@ap1998m-words#@ap1998m#185.8#186.1
627	считаю	считать	VERB	_	Aspect=Imp|Mood=Ind|Number=Sing|Person=1|Tense=Pres|VerbForm=Fin|Voice=Act	_	_	_	@ap1998m-words#@ap1998m#186.1#186.4
628	эту	этот	DET	_	Case=Acc|Gender=Fem|Number=Sing	_	_	_	@ap1998m-words#@ap1998m#186.4#186.7
629	позицию	позиция	NOUN	_	Animacy=Inan|Case=Acc|Gender=Fem|Number=Sing	_	_	_	@ap1998m-words#@ap1998m#186.7#187.0
630	/	/	PUNCT	_	_	_	_	_	@ap1998m-words#@ap1998m#187.0#187.3
631	абсолютно	абсолютно	ADV	_	Degree=Pos	_	_	_	@ap1998m-words#@ap1998m#187.3#187.6
632	бредовой	бредовый	ADJ	_	Case=Nom|Degree=Pos|Gender=Masc|Number=Sing	_	_	_	@ap1998m-words#@ap1998m#187.6#187.9
633	/	/	PUNCT	_	_	_	_	_	@ap1998m-words#@ap1998m#187.9#188.2
634	честно	честно	ADV	_	Degree=Pos	_	_	_	@ap1998m-words#@ap1998m#188.2#188.5
635	говоря	говорить	VERB	_	Aspect=Imp|Tense=Pres|VerbForm=Conv|Voice=Act	_	_	_	@ap1998m-words#@ap1998m#188.5#188.8
636	что	что	PRON	_	Case=Acc	_	_	_	@ap1998m-words#@ap1998m#189.28#189.536
637	значит	значить	VERB	_	Aspect=Imp|Mood=Ind|Number=Sing|Person=3|Tense=Pres|VerbForm=Fin|Voice=Act	_	_	_	@ap1998m-words#@ap1998m#189.536#189.792
638	/	/	PUNCT	_	_	_	_	_	@ap1998m-words#@ap1998m#189.792#190.048
639	э	э	INTJ	_	_	_	_	_	@ap1998m-words#@ap1998m#190.048#190.304
640	не	не	PART	_	_	_	_	_	@ap1998m-words#@ap1998m#190.304#190.56
641	было	быть	VERB	_	Aspect=Imp|Gender=Neut|Mood=Ind|Number=Sing|Tense=Past|VerbForm=Fin|Voice=Act	_	_	_	@ap1998m-words#@ap1998m#190.56#190.816
642	денег	деньги	NOUN	_	Animacy=Inan|Case=Gen|Gender=Fem|Number=Plur	_	_	_	@ap1998m-words#@ap1998m#190.816#191.072
643	/	/	PUNCT	_	_	_	_	_	@ap1998m-words#@ap1998m#191.072#191.328
644	я	я	PRON	_	Case=Nom|Number=Sing|Person=1	_	_	_	@ap1998m-words#@ap1998m#191.328#191.584
645	вообще	вообще	ADV	_	Degree=Pos	_	_	_	@ap1998m-words#@ap1998m#191.584#191.84
646	не	не	PART	_	_	_	_	_	@ap1998m-words#@ap1998m#191.84#192.096
647	из	из	ADP	_	_	_	_	_	@ap1998m-words#@ap1998m#192.096#192.352
648	той	тот	DET	_	Case=Gen|Gender=Fem|Number=Sing	_	_	_	@ap1998m-words#@ap1998m#192.352#192.608
649	семьи	семья	NOUN	_	Animacy=Inan|Case=Gen|Gender=Fem|Number=Sing	_	_	_	@ap1998m-words#@ap1998m#192.608#192.864
650	/	/	PUNCT	_	_	_	_	_	@ap1998m-words#@ap1998m#192.864#193.12
651	где	где	ADV	_	Degree=Pos	_	_	_	@ap1998m-words#@ap1998m#193.12#193.376
652	/	/	PUNCT	_	_	_	_	_	@ap1998m-words#@ap1998m#193.376#193.632
653	там	там	ADV	_	Degree=Pos	_	_	_	@ap1998m-words#@ap1998m#193.632#193.888
654	/	/	PUNCT	_	_	_	_	_	@ap1998m-words#@ap1998m#193.888#194.144
655	мы	мы	PRON	_	Case=Nom|Number=Plur|Person=1	_	_	_	@ap1998m-words#@ap1998m#194.144#194.4
656	доедали	доедать	VERB	_	Aspect=Imp|Mood=Ind|Number=Plur|Tense=Past|VerbForm=Fin|Voice=Act	_	_	_	@ap1998m-words#@ap1998m#194.4#194.656
657	последнюю	последний	ADJ	_	Case=Acc|Degree=Pos|Gender=Fem|Number=Sing	_	_	_	@ap1998m-words#@ap1998m#194.656#194.912
658	/	/	PUNCT	_	_	_	_	_	@ap1998m-words#@ap1998m#194.912#195.168
659	ээ	ээ	INTJ	_	_	_	_	_	@ap1998m-words#@ap1998m#195.168#195.424
660	/	/	PUNCT	_	_	_	_	_	@ap1998m-words#@ap1998m#195.424#195.68
661	эту	этот	DET	_	Case=Acc|Gender=Fem|Number=Sing	_	_	_	@ap1998m-words#@ap1998m#195.68#195.936
662	картошку	картошка	NOUN	_	Animacy=Inan|Case=Acc|Gender=Fem|Number=Sing	_	_	_	@ap1998m-words#@ap1998m#195.936#196.192
663	/	/	PUNCT	_	_	_	_	_	@ap1998m-words#@ap1998m#196.192#196.448
664	и	и	CCONJ	_	_	_	_	_	@ap1998m-words#@ap1998m#196.448#196.704
665	у	у	ADP	_	_	_	_	_	@ap1998m-words#@ap1998m#196.704#196.96
666	нас	мы	PRON	_	Case=Gen|Number=Plur|Person=1	_	_	_	@ap1998m-words#@ap1998m#196.96#197.216
667	ничего	ничто	PRON	_	Case=Gen	_	_	_	@ap1998m-words#@ap1998m#197.216#197.472
668	не	не	PART	_	_	_	_	_	@ap1998m-words#@ap1998m#197.472#197.728
669	было	быть	VERB	_	Aspect=Imp|Gender=Neut|Mood=Ind|Number=Sing|Tense=Past|VerbForm=Fin|Voice=Act	_	_	_	@ap1998m-words#@ap1998m#197.728#198.0
670	у	у	ADP	_	_	_	_	_	@ap1998m-words#@ap1998m#198.32#198.606
671	меня	я	PRON	_	Case=Gen|Number=Sing|Person=1	_	_	_	@ap1998m-words#@ap1998m#198.606#198.892
672	семья	семья	NOUN	_	Animacy=Inan|Case=Nom|Gender=Fem|Number=Sing	_	_	_	@ap1998m-words#@ap1998m#198.892#199.178
673	в	в	ADP	_	_	_	_	_	@ap1998m-words#@ap1998m#199.178#199.464
674	моём	мой	DET	_	Case=Loc|Gender=Neut|Number=Sing	_	_	_	@ap1998m-words#@ap1998m#199.464#199.75
675	городе	город	NOUN	_	Animacy=Inan|Case=Loc|Gender=Masc|Number=Sing	_	_	_	@ap1998m-words#@ap1998m#199.75#200.036
676	достаточно	достаточно	ADV	_	Degree=Pos	_	_	_	@ap1998m-words#@ap1998m#200.036#200.322
677	обеспеченная	обеспеченный	ADJ	_	Case=Nom|Degree=Pos|Gender=Fem|Number=Sing	_	_	_	@ap1998m-words#@ap1998m#200.322#200.608
678	и	и	CCONJ	_	_	_	_	_	@ap1998m-words#@ap1998m#200.608#200.894
679	/	/	PUNCT	_	_	_	_	_	@ap1998m-words#@ap1998m#200.894#201.18
680	мы	мы	PRON	_	Case=Nom|Number=Plur|Person=1	_	_	_	@ap1998m-words#@ap1998m#201.18#201.466
681	всегда	всегда	ADV	_	Degree=Pos	_	_	_	@ap1998m-words#@ap1998m#201.466#201.752
682	/	/	PUNCT	_	_	_	_	_	@ap1998m-words#@ap1998m#201.752#202.038
683	то	то	PRON	_	Animacy=Inan|Case=Nom|Gender=Neut|Number=Sing	_	_	_	@ap1998m-words#@ap1998m#202.038#202.324
684	есть	быть	VERB	_	Aspect=Imp|Mood=Ind|Number=Sing|Person=3|Tense=Pres|VerbForm=Fin|Voice=Act	_	_	_	@ap1998m-words#@ap1998m#202.324#202.61
685	я	я	PRON	_	Case=Nom|Number=Sing|Person=1	_	_	_	@ap1998m-words#@ap1998m#202.61#202.896
686	один	один	DET	_	Case=Nom|Degree=Pos|Gender=Masc|Number=Sing	_	_	_	@ap1998m-words#@ap1998m#202.896#203.182
687	единственный	единственный	ADJ	_	Case=Nom|Degree=Pos|Gender=Masc|Number=Sing	_	_	_	@ap1998m-words#@ap1998m#203.182#203.48
688	ездил	ездить	VERB	_	Aspect=Imp|Gender=Masc|Mood=Ind|Number=Sing|Tense=Past|VerbForm=Fin|Voice=Act	_	_	_	@ap1998m-words#@ap1998m#203.72#204.026
689	в	в	ADP	_	_	_	_	_	@ap1998m-words#@ap1998m#204.026#204.332
690	школу	школа	NOUN	_	Animacy=Inan|Case=Acc|Gender=Fem|Number=Sing	_	_	_	@ap1998m-words#@ap1998m#204.332#204.638
691	/	/	PUNCT	_	_	_	_	_	@ap1998m-words#@ap1998m#204.638#204.944
692	наа	на	NOUN	_	Animacy=Inan|Case=Gen|Gender=Masc|Number=Sing	_	_	_	@ap1998m-words#@ap1998m#204.944#205.25
693	машине	машина	NOUN	_	Animacy=Inan|Case=Loc|Gender=Fem|Number=Sing	_	_	_	@ap1998m-words#@ap1998m#205.25#205.556
694	/	/	PUNCT	_	_	_	_	_	@ap1998m-words#@ap1998m#205.556#205.862
695	на	на	ADP	_	_	_	_	_	@ap1998m-words#@ap1998m#205.862#206.168
696	хорошей	хороший	ADJ	_	Case=Loc|Degree=Pos|Gender=Fem|Number=Sing	_	_	_	@ap1998m-words#@ap1998m#206.168#206.474
697	/	/	PUNCT	_	_	_	_	_	@ap1998m-words#@ap1998m#206.474#206.78
698	меня	я	PRON	_	Case=Acc|Number=Sing|Person=1	_	_	_	@ap1998m-words#@ap1998m#206.78#207.086
699	подвозили	подвозить	VERB	_	Aspect=Perf|Mood=Ind|Number=Plur|Tense=Past|VerbForm=Fin|Voice=Act	_	_	_	@ap1998m-words#@ap1998m#207.086#207.4
700	ии	и	INTJ	_	_	_	_	_	@ap1998m-words#@ap1998m#208.04#208.333
701	/	/	PUNCT	_	_	_	_	_	@ap1998m-words#@ap1998m#208.333#208.626
702	э	э	INTJ	_	_	_	_	_	@ap1998m-words#@ap1998m#208.626#208.919
703	/	/	PUNCT	_	_	_	_	_	@ap1998m-words#@ap1998m#208.919#209.212
704	я	я	PRON	_	Case=Nom|Number=Sing|Person=1	_	_	_	@ap1998m-words#@ap1998m#209.212#209.505
705	единственный	единственный	ADJ	_	Case=Nom|Degree=Pos|Gender=Masc|Number=Sing	_	_	_	@ap1998m-words#@ap1998m#209.505#209.798
706	там	там	ADV	_	Degree=Pos	_	_	_	@ap1998m-words#@ap1998m#209.798#210.091
707	жил	жить	VERB	_	Aspect=Imp|Gender=Masc|Mood=Ind|Number=Sing|Tense=Past|VerbForm=Fin|Voice=Act	_	_	_	@ap1998m-words#@ap1998m#210.091#210.384
708	в	в	ADP	_	_	_	_	_	@ap1998m-words#@ap1998m#210.384#210.677
709	доме	дом	NOUN	_	Animacy=Inan|Case=Loc|Gender=Masc|Number=Sing	_	_	_	@ap1998m-words#@ap1998m#210.677#210.97
710	/	/	PUNCT	_	_	_	_	_	@ap1998m-words#@ap1998m#210.97#211.263
711	в	в	ADP	_	_	_	_	_	@ap1998m-words#@ap1998m#211.263#211.556
712	хорошем	хороший	ADJ	_	Case=Loc|Degree=Pos|Gender=Neut|Number=Sing	_	_	_	@ap1998m-words#@ap1998m#211.556#211.849
713	со	с	ADP	_	_	_	_	_	@ap1998m-words#@ap1998m#211.849#212.142
714	своей	свой	DET	_	Case=Ins|Gender=Fem|Number=Sing	_	_	_	@ap1998m-words#@ap1998m#212.142#212.435
715	спальней	спальня	NOUN	_	Animacy=Inan|Case=Ins|Gender=Fem|Number=Sing	_	_	_	@ap1998m-words#@ap1998m#212.435#212.728
716	/	/	PUNCT	_	_	_	_	_	@ap1998m-words#@ap1998m#212.728#213.021
717	то	то	PRON	_	Animacy=Inan|Case=Nom|Gender=Neut|Number=Sing	_	_	_	@ap1998m-words#@ap1998m#213.021#213.314
718	есть	быть	VERB	_	Aspect=Imp|Mood=Ind|Number=Sing|Person=3|Tense=Pres|VerbForm=Fin|Voice=Act	_	_	_	@ap1998m-words#@ap1998m#213.314#213.607
719	/	/	PUNCT	_	_	_	_	_	@ap1998m-words#@ap1998m#213.607#213.9
720	в	в	ADP	_	_	_	_	_	@ap1998m-words#@ap1998m#213.9#214.193
721	плане	план	NOUN	_	Animacy=Inan|Case=Loc|Gender=Masc|Number=Sing	_	_	_	@ap1998m-words#@ap1998m#214.193#214.486
722	/	/	PUNCT	_	_	_	_	_	@ap1998m-words#@ap1998m#214.486#214.779
723	ну	ну	PART	_	_	_	_	_	@ap1998m-words#@ap1998m#214.779#215.072
724	/	/	PUNCT	_	_	_	_	_	@ap1998m-words#@ap1998m#215.072#215.365
725	обеспечения	обеспечение	NOUN	_	Animacy=Inan|Case=Gen|Gender=Neut|Number=Sing	_	_	_	@ap1998m-words#@ap1998m#215.365#215.658
726	меня	я	PRON	_	Case=Acc|Number=Sing|Person=1	_	_	_	@ap1998m-words#@ap1998m#215.658#215.951
727	как	как	SCONJ	_	_	_	_	_	@ap1998m-words#@ap1998m#215.951#216.244
728	ребёнка	ребенок	NOUN	_	Animacy=Inan|Case=Nom|Gender=Fem|Number=Sing	_	_	_	@ap1998m-words#@ap1998m#216.244#216.537
729	/	/	PUNCT	_	_	_	_	_	@ap1998m-words#@ap1998m#216.537#216.83
730	меня	я	PRON	_	Case=Acc|Number=Sing|Person=1	_	_	_	@ap1998m-words#@ap1998m#216.83#217.123
731	обеспечивали	обеспечивать	VERB	_	Aspect=Imp|Mood=Ind|Number=Plur|Tense=Past|VerbForm=Fin|Voice=Act	_	_	_	@ap1998m-words#@ap1998m#217.123#217.44
732	всем	весь	PRON	_	Animacy=Anim|Case=Dat|Number=Plur	_	_	_	@ap1998m-words#@ap1998m#217.44#217.704
733	чем	что	SCONJ	_	_	_	_	_	@ap1998m-words#@ap1998m#217.704#217.968
734	мне	я	PRON	_	Case=Dat|Number=Sing|Person=1	_	_	_	@ap1998m-words#@ap1998m#217.968#218.232
735	нужно	нужный	ADJ	_	Degree=Pos|Gender=Neut|Number=Sing|Variant=Short	_	_	_	@ap1998m-words#@ap1998m#218.232#218.496
736	/	/	PUNCT	_	_	_	_	_	@ap1998m-words#@ap1998m#218.496#218.76
737	там	там	ADV	_	Degree=Pos	_	_	_	@ap1998m-words#@ap1998m#218.76#219.024
738	одежду	одежда	NOUN	_	Animacy=Inan|Case=Acc|Gender=Fem|Number=Sing	_	_	_	@ap1998m-words#@ap1998m#219.024#219.288
739	покупали	покупать	VERB	_	Aspect=Imp|Mood=Ind|Number=Plur|Tense=Past|VerbForm=Fin|Voice=Act	_	_	_	@ap1998m-words#@ap1998m#219.288#219.552
740	и	и	PART	_	_	_	_	_	@ap1998m-words#@ap1998m#219.552#219.816
741	прочее	прочий	ADJ	_	Case=Acc|Degree=Pos|Gender=Neut|Number=Sing	_	_	_	@ap1998m-words#@ap1998m#219.816#220.08
742	ии	и	INTJ	_	_	_	_	_	@ap1998m-words#@ap1998m#220.36#220.632
743	я	я	PRON	_	Case=Nom|Number=Sing|Person=1	_	_	_	@ap1998m-words#@ap1998m#220.632#220.904
744	не	не	PART	_	_	_	_	_	@ap1998m-words#@ap1998m#220.904#221.176
745	скажу	сказать	VERB	_	Aspect=Perf|Mood=Ind|Number=Sing|Person=1|Tense=Fut|VerbForm=Fin|Voice=Act	_	_	_	@ap1998m-words#@ap1998m#221.176#221.448
746	что	что	PRON	_	Case=Acc	_	_	_	@ap1998m-words#@ap1998m#221.448#221.72
747	я	я	PRON	_	Case=Nom|Number=Sing|Person=1	_	_	_	@ap1998m-words#@ap1998m#221.72#221.992
748	нуждался	нуждаться	VERB	_	Aspect=Imp|Gender=Masc|Mood=Ind|Number=Sing|Tense=Past|VerbForm=Fin|Voice=Mid	_	_	_	@ap1998m-words#@ap1998m#221.992#222.264
749	в	в	ADP	_	_	_	_	_	@ap1998m-words#@ap1998m#222.264#222.536
750	каких-то	какой-то	DET	_	Case=Acc|Number=Plur	_	_	_	@ap1998m-words#@ap1998m#222.536#222.808
751	там	там	ADV	_	Degree=Pos	_	_	_	@ap1998m-words#@ap1998m#222.808#223.08
752	ну	ну	PART	_	_	_	_	_	@ap1998m-words#@ap1998m#223.96#224.306
753	/	/	PUNCT	_	_	_	_	_	@ap1998m-words#@ap1998m#224.306#224.652
754	вещах	вещь	NOUN	_	Animacy=Inan|Case=Loc|Gender=Fem|Number=Plur	_	_	_	@ap1998m-words#@ap1998m#224.652#225.0
755	я	я	PRON	_	Case=Nom|Number=Sing|Person=1	_	_	_	@ap1998m-words#@ap1998m#225.64#225.965
756	даже	даже	PART	_	_	_	_	_	@ap1998m-words#@ap1998m#225.965#226.29
757	про	про	ADP	_	_	_	_	_	@ap1998m-words#@ap1998m#226.29#226.615
758	бренды	бренд	NOUN	_	Animacy=Inan|Case=Acc|Gender=Masc|Number=Plur	_	_	_	@ap1998m-words#@ap1998m#226.615#226.94
759	тогда	тогда	ADV	_	Degree=Pos	_	_	_	@ap1998m-words#@ap1998m#226.94#227.265
760	ну	ну	PART	_	_	_	_	_	@ap1998m-words#@ap1998m#227.265#227.59
761	брендами	бренд	NOUN	_	Animacy=Inan|Case=Ins|Gender=Masc|Number=Plur	_	_	_	@ap1998m-words#@ap1998m#227.59#227.915
762	не	не	PART	_	_	_	_	_	@ap1998m-words#@ap1998m#227.915#228.24
763	увлекался	увлекаться	VERB	_	Aspect=Imp|Gender=Masc|Mood=Ind|Number=Sing|Tense=Past|VerbForm=Fin|Voice=Mid	_	_	_	@ap1998m-words#@ap1998m#228.24#228.565
764	ничё	ничего	PRON	_	Animacy=Inan|Case=Acc|Gender=Neut|Number=Sing	_	_	_	@ap1998m-words#@ap1998m#228.565#228.89
765	не	не	PART	_	_	_	_	_	@ap1998m-words#@ap1998m#228.89#229.215
766	знал	знать	VERB	_	Aspect=Imp|Gender=Masc|Mood=Ind|Number=Sing|Tense=Past|VerbForm=Fin|Voice=Act	_	_	_	@ap1998m-words#@ap1998m#229.215#229.54
767	/	/	PUNCT	_	_	_	_	_	@ap1998m-words#@ap1998m#229.54#229.865
768	поэтому	поэтому	ADV	_	Degree=Pos	_	_	_	@ap1998m-words#@ap1998m#229.865#230.2
769	я	я	PRON	_	Case=Nom|Number=Sing|Person=1	_	_	_	@ap1998m-words#@ap1998m#231.09#231.405
770	не	не	PART	_	_	_	_	_	@ap1998m-words#@ap1998m#231.405#231.72
771	был	быть	VERB	_	Aspect=Imp|Gender=Masc|Mood=Ind|Number=Sing|Tense=Past|VerbForm=Fin|Voice=Act	_	_	_	@ap1998m-words#@ap1998m#231.72#232.035
772	/	/	PUNCT	_	_	_	_	_	@ap1998m-words#@ap1998m#232.035#232.35
773	из	из	ADP	_	_	_	_	_	@ap1998m-words#@ap1998m#232.35#232.665
774	тех	тот	DET	_	Case=Gen|Number=Plur	_	_	_	@ap1998m-words#@ap1998m#232.665#232.98
775	кто	кто	PRON	_	Case=Nom	_	_	_	@ap1998m-words#@ap1998m#232.98#233.295
776	/	/	PUNCT	_	_	_	_	_	@ap1998m-words#@ap1998m#233.295#233.61
777	ээ	ээ	INTJ	_	_	_	_	_	@ap1998m-words#@ap1998m#233.61#233.925
778	/	/	PUNCT	_	_	_	_	_	@ap1998m-words#@ap1998m#233.925#234.24
779	смотрит	смотреть	VERB	_	Aspect=Imp|Mood=Ind|Number=Sing|Person=3|Tense=Pres|VerbForm=Fin|Voice=Act	_	_	_	@ap1998m-words#@ap1998m#234.24#234.555
780	на	на	ADP	_	_	_	_	_	@ap1998m-words#@ap1998m#234.555#234.88
781	более	более	ADV	_	Degree=Cmp	_	_	_	@ap1998m-words#@ap1998m#235.673#235.966
782	богатых	богатый	ADJ	_	Case=Gen|Degree=Pos|Number=Plur	_	_	_	@ap1998m-words#@ap1998m#235.966#236.259
783	/	/	PUNCT	_	_	_	_	_	@ap1998m-words#@ap1998m#236.259#236.552
784	детей	ребенок	NOUN	_	Animacy=Anim|Case=Gen|Gender=Masc|Number=Plur	_	_	_	@ap1998m-words#@ap1998m#236.552#236.845
785	/	/	PUNCT	_	_	_	_	_	@ap1998m-words#@ap1998m#236.845#237.138
786	и	и	CCONJ	_	_	_	_	_	@ap1998m-words#@ap1998m#237.138#237.431
787	типа	тип	NOUN	_	Animacy=Inan|Case=Gen|Gender=Masc|Number=Sing	_	_	_	@ap1998m-words#@ap1998m#237.431#237.724
788	им	они	PRON	_	Case=Dat|Number=Plur|Person=3	_	_	_	@ap1998m-words#@ap1998m#237.724#238.017
789	завидует	завидовать	VERB	_	Aspect=Imp|Mood=Ind|Number=Sing|Person=3|Tense=Pres|VerbForm=Fin|Voice=Act	_	_	_	@ap1998m-words#@ap1998m#238.017#238.31
790	потому	потому	ADV	_	Degree=Pos	_	_	_	@ap1998m-words#@ap1998m#238.31#238.603
791	что	что	SCONJ	_	_	_	_	_	@ap1998m-words#@ap1998m#238.603#238.896
792	таких	такой	DET	_	Case=Gen|Number=Plur	_	_	_	@ap1998m-words#@ap1998m#238.896#239.189
793	/	/	PUNCT	_	_	_	_	_	@ap1998m-words#@ap1998m#239.189#239.482
794	в	в	ADP	_	_	_	_	_	@ap1998m-words#@ap1998m#239.482#239.775
795	моём	мой	DET	_	Case=Loc|Gender=Neut|Number=Sing	_	_	_	@ap1998m-words#@ap1998m#239.775#240.068
796	окружении	окружение	NOUN	_	Animacy=Inan|Case=Loc|Gender=Neut|Number=Sing	_	_	_	@ap1998m-words#@ap1998m#240.068#240.361
797	вообще	вообще	ADV	_	Degree=Pos	_	_	_	@ap1998m-words#@ap1998m#240.361#240.654
798	в	в	ADP	_	_	_	_	_	@ap1998m-words#@ap1998m#240.654#240.947
799	принципе	принцип	NOUN	_	Animacy=Inan|Case=Loc|Gender=Masc|Number=Sing	_	_	_	@ap1998m-words#@ap1998m#240.947#241.24
800	не	не	PART	_	_	_	_	_	@ap1998m-words#@ap1998m#241.24#241.533
801	было	быть	VERB	_	Aspect=Imp|Gender=Neut|Mood=Ind|Number=Sing|Tense=Past|VerbForm=Fin|Voice=Act	_	_	_	@ap1998m-words#@ap1998m#241.533#241.826
802	#смеется#	#смеется#	PUNCT	_	_	_	_	_	@ap1998m-words#@ap1998m#242.543#243.051
803	ну	ну	PART	_	_	_	_	_	@ap1998m-words#@ap1998m#243.051#243.559
804	/	/	PUNCT	_	_	_	_	_	@ap1998m-words#@ap1998m#243.559#244.067
805	не	не	PART	_	_	_	_	_	@ap1998m-words#@ap1998m#244.067#244.575
806	моя	мой	DET	_	Case=Nom|Gender=Fem|Number=Sing	_	_	_	@ap1998m-words#@ap1998m#244.575#245.083
807	семья	семья	NOUN	_	Animacy=Inan|Case=Nom|Gender=Fem|Number=Sing	_	_	_	@ap1998m-words#@ap1998m#245.083#245.591
808	/	/	PUNCT	_	_	_	_	_	@ap1998m-words#@ap1998m#245.591#246.099
809	среднес...	средне…	Х	_	_	_	_	_	@ap1998m-words#@ap1998m#246.099#246.607
810	/	/	PUNCT	_	_	_	_	_	@ap1998m-words#@ap1998m#246.607#247.115
811	статистическая	статистический	ADJ	_	Case=Nom|Degree=Pos|Gender=Fem|Number=Sing	_	_	_	@ap1998m-words#@ap1998m#247.115#247.63
812	то	то	PRON	_	Animacy=Inan|Case=Nom|Gender=Neut|Number=Sing	_	_	_	@ap1998m-words#@ap1998m#247.673#247.965
813	есть	быть	VERB	_	Aspect=Imp|Mood=Ind|Number=Sing|Person=3|Tense=Pres|VerbForm=Fin|Voice=Act	_	_	_	@ap1998m-words#@ap1998m#247.965#248.257
814	/	/	PUNCT	_	_	_	_	_	@ap1998m-words#@ap1998m#248.257#248.549
815	м	м	INTJ	_	_	_	_	_	@ap1998m-words#@ap1998m#248.549#248.841
816	/	/	PUNCT	_	_	_	_	_	@ap1998m-words#@ap1998m#248.841#249.133
817	они	они	PRON	_	Case=Nom|Number=Plur|Person=3	_	_	_	@ap1998m-words#@ap1998m#249.133#249.425
818	достаточно	достаточно	ADV	_	Degree=Pos	_	_	_	@ap1998m-words#@ap1998m#249.425#249.717
819	/	/	PUNCT	_	_	_	_	_	@ap1998m-words#@ap1998m#249.717#250.009
820	неплохо	неплохо	ADV	_	Degree=Pos	_	_	_	@ap1998m-words#@ap1998m#250.009#250.301
821	зарабатывают	зарабатывать	VERB	_	Aspect=Imp|Mood=Ind|Number=Plur|Person=3|Tense=Pres|VerbForm=Fin|Voice=Act	_	_	_	@ap1998m-words#@ap1998m#250.301#250.593
822	/	/	PUNCT	_	_	_	_	_	@ap1998m-words#@ap1998m#250.593#250.885
823	но	но	CCONJ	_	_	_	_	_	@ap1998m-words#@ap1998m#250.885#251.177
824	/	/	PUNCT	_	_	_	_	_	@ap1998m-words#@ap1998m#251.177#251.469
825	они	они	PRON	_	Case=Nom|Number=Plur|Person=3	_	_	_	@ap1998m-words#@ap1998m#251.469#251.761
826	/	/	PUNCT	_	_	_	_	_	@ap1998m-words#@ap1998m#251.761#252.053
827	не	не	PART	_	_	_	_	_	@ap1998m-words#@ap1998m#252.053#252.345
828	богаты	богатый	ADJ	_	Degree=Pos|Number=Plur|Variant=Short	_	_	_	@ap1998m-words#@ap1998m#252.345#252.637
829	но	но	CCONJ	_	_	_	_	_	@ap1998m-words#@ap1998m#252.637#252.929
830	и	и	PART	_	_	_	_	_	@ap1998m-words#@ap1998m#252.929#253.221
831	не	не	PART	_	_	_	_	_	@ap1998m-words#@ap1998m#253.221#253.513
832	бедные	бедный	ADJ	_	Case=Nom|Degree=Pos|Number=Plur	_	_	_	@ap1998m-words#@ap1998m#253.513#253.805
833	/	/	PUNCT	_	_	_	_	_	@ap1998m-words#@ap1998m#253.805#254.097
834	поэтому	поэтому	ADV	_	Degree=Pos	_	_	_	@ap1998m-words#@ap1998m#254.097#254.391
835	они	они	PRON	_	Case=Nom|Number=Plur|Person=3	_	_	_	@ap1998m-words#@ap1998m#256.347#256.725
836	не	не	PART	_	_	_	_	_	@ap1998m-words#@ap1998m#256.725#257.103
837	нуждаются	нуждаться	VERB	_	Aspect=Imp|Mood=Ind|Number=Plur|Person=3|Tense=Pres|VerbForm=Fin|Voice=Mid	_	_	_	@ap1998m-words#@ap1998m#257.103#257.481
838	в	в	ADP	_	_	_	_	_	@ap1998m-words#@ap1998m#257.481#257.859
839	помощи	помощь	NOUN	_	Animacy=Inan|Case=Loc|Gender=Fem|Number=Sing	_	_	_	@ap1998m-words#@ap1998m#257.859#258.239
840	#смеется#	#смеется#	PUNCT	_	_	_	_	_	@ap1998m-words#@ap1998m#259.195#259.509
841	нет	нет	VERB	_	Aspect=Imp|Mood=Ind|Number=Sing|Person=3|Tense=Pres|VerbForm=Fin|Voice=Act	_	_	_	@ap1998m-words#@ap1998m#259.509#259.823
842	нуу	ну	PART	_	_	_	_	_	@ap1998m-words#@ap1998m#259.823#260.137
843	/	/	PUNCT	_	_	_	_	_	@ap1998m-words#@ap1998m#260.137#260.451
844	когда	когда	SCONJ	_	_	_	_	_	@ap1998m-words#@ap1998m#260.451#260.765
845	они	они	PRON	_	Case=Nom|Number=Plur|Person=3	_	_	_	@ap1998m-words#@ap1998m#260.765#261.079
846	попросят	просить	VERB	_	Aspect=Perf|Mood=Ind|Number=Plur|Person=3|Tense=Fut|VerbForm=Fin|Voice=Act	_	_	_	@ap1998m-words#@ap1998m#261.079#261.393
847	/	/	PUNCT	_	_	_	_	_	@ap1998m-words#@ap1998m#261.393#261.707
848	я	я	PRON	_	Case=Nom|Number=Sing|Person=1	_	_	_	@ap1998m-words#@ap1998m#261.707#262.021
849	конечно	конечно	ADV	_	Degree=Pos	_	_	_	@ap1998m-words#@ap1998m#262.021#262.335
850	/	/	PUNCT	_	_	_	_	_	@ap1998m-words#@ap1998m#262.335#262.649
851	помогу	поможать	VERB	_	Aspect=Imp|Mood=Ind|Number=Sing|Person=1|Tense=Pres|VerbForm=Fin|Voice=Act	_	_	_	@ap1998m-words#@ap1998m#262.649#262.963
852	вообще	вообще	ADV	_	Degree=Pos	_	_	_	@ap1998m-words#@ap1998m#262.963#263.277
853	без	без	ADP	_	_	_	_	_	@ap1998m-words#@ap1998m#263.277#263.591
854	проблем	проблема	NOUN	_	Animacy=Inan|Case=Gen|Gender=Fem|Number=Plur	_	_	_	@ap1998m-words#@ap1998m#263.591#263.905
855	/	/	PUNCT	_	_	_	_	_	@ap1998m-words#@ap1998m#263.905#264.219
856	но	но	CCONJ	_	_	_	_	_	@ap1998m-words#@ap1998m#264.219#264.533
857	пока	пока	ADV	_	Degree=Pos	_	_	_	@ap1998m-words#@ap1998m#264.533#264.847
858	меня	я	PRON	_	Case=Acc|Number=Sing|Person=1	_	_	_	@ap1998m-words#@ap1998m#264.847#265.161
859	не	не	PART	_	_	_	_	_	@ap1998m-words#@ap1998m#265.161#265.475
860	спрашивают	спрашивать	VERB	_	Aspect=Imp|Mood=Ind|Number=Plur|Person=3|Tense=Pres|VerbForm=Fin|Voice=Act	_	_	_	@ap1998m-words#@ap1998m#265.475#265.804
861	ну	ну	PART	_	_	_	_	_	@ap1998m-words#@ap1998m#270.347#270.605
862	/	/	PUNCT	_	_	_	_	_	@ap1998m-words#@ap1998m#270.605#270.863
863	есть	быть	VERB	_	Aspect=Imp|Mood=Ind|Number=Sing|Person=3|Tense=Pres|VerbForm=Fin|Voice=Act	_	_	_	@ap1998m-words#@ap1998m#270.863#271.121
864	ещё	еще	ADV	_	Degree=Pos	_	_	_	@ap1998m-words#@ap1998m#271.121#271.379
865	такое	такой	DET	_	Case=Nom|Gender=Neut|Number=Sing	_	_	_	@ap1998m-words#@ap1998m#271.379#271.637
866	понятие	понятие	NOUN	_	Animacy=Inan|Case=Nom|Gender=Neut|Number=Sing	_	_	_	@ap1998m-words#@ap1998m#271.637#271.895
867	что	что	SCONJ	_	_	_	_	_	@ap1998m-words#@ap1998m#271.895#272.153
868	/	/	PUNCT	_	_	_	_	_	@ap1998m-words#@ap1998m#272.153#272.411
869	типа	тип	NOUN	_	Animacy=Inan|Case=Nom|Gender=Fem|Number=Sing	_	_	_	@ap1998m-words#@ap1998m#272.411#272.673
870	ээ	ээ	INTJ	_	_	_	_	_	@ap1998m-words#@ap1998m#272.695#273.017
871	/	/	PUNCT	_	_	_	_	_	@ap1998m-words#@ap1998m#273.017#273.339
872	каждый	каждый	DET	_	Case=Nom|Gender=Masc|Number=Sing	_	_	_	@ap1998m-words#@ap1998m#273.339#273.661
873	человек	человек	NOUN	_	Animacy=Anim|Case=Nom|Gender=Masc|Number=Sing	_	_	_	@ap1998m-words#@ap1998m#273.661#273.983
874	работает	работать	VERB	_	Aspect=Imp|Mood=Ind|Number=Sing|Person=3|Tense=Pres|VerbForm=Fin|Voice=Act	_	_	_	@ap1998m-words#@ap1998m#273.983#274.305
875	/	/	PUNCT	_	_	_	_	_	@ap1998m-words#@ap1998m#274.305#274.627
876	ии	и	CCONJ	_	_	_	_	_	@ap1998m-words#@ap1998m#274.627#274.949
877	/	/	PUNCT	_	_	_	_	_	@ap1998m-words#@ap1998m#274.949#275.271
878	вот	вот	PART	_	_	_	_	_	@ap1998m-words#@ap1998m#275.271#275.593
879	/	/	PUNCT	_	_	_	_	_	@ap1998m-words#@ap1998m#275.593#275.915
880	зарабатывает	зарабатывать	VERB	_	Aspect=Imp|Mood=Ind|Number=Sing|Person=3|Tense=Pres|VerbForm=Fin|Voice=Act	_	_	_	@ap1998m-words#@ap1998m#275.915#276.237
881	/	/	PUNCT	_	_	_	_	_	@ap1998m-words#@ap1998m#276.237#276.559
882	и	и	CCONJ	_	_	_	_	_	@ap1998m-words#@ap1998m#276.559#276.881
883	стремится	стремиться	VERB	_	Aspect=Imp|Mood=Ind|Number=Sing|Person=3|Tense=Pres|VerbForm=Fin|Voice=Mid	_	_	_	@ap1998m-words#@ap1998m#276.881#277.203
884	к	к	ADP	_	_	_	_	_	@ap1998m-words#@ap1998m#277.203#277.525
885	чему-то	что-то	PRON	_	Case=Dat	_	_	_	@ap1998m-words#@ap1998m#277.525#277.847
886	у	у	ADP	_	_	_	_	_	@ap1998m-words#@ap1998m#278.217#278.467
887	меня	я	PRON	_	Case=Gen|Number=Sing|Person=1	_	_	_	@ap1998m-words#@ap1998m#278.467#278.717
888	родители	родитель	NOUN	_	Animacy=Anim|Case=Nom|Gender=Masc|Number=Plur	_	_	_	@ap1998m-words#@ap1998m#278.717#278.967
889	не	не	PART	_	_	_	_	_	@ap1998m-words#@ap1998m#278.967#279.217
890	в	в	ADP	_	_	_	_	_	@ap1998m-words#@ap1998m#279.217#279.467
891	том	то	DET	_	Case=Loc|Gender=Masc|Number=Sing	_	_	_	@ap1998m-words#@ap1998m#279.467#279.717
892	возрасте	возрасте	NOUN	_	Animacy=Inan|Case=Loc|Gender=Masc|Number=Sing	_	_	_	@ap1998m-words#@ap1998m#279.717#279.967
893	когда	когда	ADV	_	Degree=Pos	_	_	_	@ap1998m-words#@ap1998m#279.967#280.217
894	им	они	PRON	_	Case=Dat|Number=Plur|Person=3	_	_	_	@ap1998m-words#@ap1998m#280.282#280.558
895	нужна	нужный	ADJ	_	Degree=Pos|Gender=Fem|Number=Sing|Variant=Short	_	_	_	@ap1998m-words#@ap1998m#280.558#280.834
896	помощь	помощь	NOUN	_	Animacy=Inan|Case=Nom|Gender=Fem|Number=Sing	_	_	_	@ap1998m-words#@ap1998m#280.834#281.11
897	/	/	PUNCT	_	_	_	_	_	@ap1998m-words#@ap1998m#281.11#281.386
898	им	они	PRON	_	Case=Dat|Number=Plur|Person=3	_	_	_	@ap1998m-words#@ap1998m#281.386#281.662
899	нужно	нужный	ADJ	_	Degree=Pos|Gender=Neut|Number=Sing|Variant=Short	_	_	_	@ap1998m-words#@ap1998m#281.662#281.938
900	подать	подать	VERB	_	Aspect=Perf|VerbForm=Inf|Voice=Act	_	_	_	@ap1998m-words#@ap1998m#281.938#282.214
901	стакан	стакан	NOUN	_	Animacy=Inan|Case=Acc|Gender=Masc|Number=Sing	_	_	_	@ap1998m-words#@ap1998m#282.214#282.49
902	воды	вода	NOUN	_	Animacy=Inan|Case=Gen|Gender=Fem|Number=Sing	_	_	_	@ap1998m-words#@ap1998m#282.49#282.766
903	/	/	PUNCT	_	_	_	_	_	@ap1998m-words#@ap1998m#282.766#283.042
904	они	они	PRON	_	Case=Nom|Number=Plur|Person=3	_	_	_	@ap1998m-words#@ap1998m#283.042#283.326
905	взрослые	взрослый	ADJ	_	Case=Nom|Degree=Pos|Number=Plur	_	_	_	@ap1998m-words#@ap1998m#283.666#284.023
906	люди	человек	NOUN	_	Animacy=Anim|Case=Nom|Gender=Masc|Number=Plur	_	_	_	@ap1998m-words#@ap1998m#284.023#284.38
907	/	/	PUNCT	_	_	_	_	_	@ap1998m-words#@ap1998m#284.38#284.737
908	которые	который	PRON	_	Case=Nom	_	_	_	@ap1998m-words#@ap1998m#284.737#285.094
909	/	/	PUNCT	_	_	_	_	_	@ap1998m-words#@ap1998m#285.094#285.451
910	э	э	INTJ	_	_	_	_	_	@ap1998m-words#@ap1998m#285.451#285.808
911	/	/	PUNCT	_	_	_	_	_	@ap1998m-words#@ap1998m#285.808#286.165
912	строят	строить	VERB	_	Aspect=Imp|Mood=Ind|Number=Plur|Person=3|Tense=Pres|VerbForm=Fin|Voice=Act	_	_	_	@ap1998m-words#@ap1998m#286.165#286.522
913	свою	свой	DET	_	Case=Acc|Gender=Fem|Number=Sing	_	_	_	@ap1998m-words#@ap1998m#286.522#286.879
914	карьеру	карьера	NOUN	_	Animacy=Inan|Case=Acc|Gender=Fem|Number=Sing	_	_	_	@ap1998m-words#@ap1998m#286.879#287.236
915	/	/	PUNCT	_	_	_	_	_	@ap1998m-words#@ap1998m#287.236#287.593
916	ии	и	CCONJ	_	_	_	_	_	@ap1998m-words#@ap1998m#287.593#287.95
917	сами	сам	ADV	_	Degree=Pos	_	_	_	@ap1998m-words#@ap1998m#287.95#288.307
918	/	/	PUNCT	_	_	_	_	_	@ap1998m-words#@ap1998m#288.307#288.664
919	зарабатывают	зарабатывать	VERB	_	Aspect=Imp|Mood=Ind|Number=Plur|Person=3|Tense=Pres|VerbForm=Fin|Voice=Act	_	_	_	@ap1998m-words#@ap1998m#288.664#289.021
920	деньги	деньги	NOUN	_	Animacy=Inan|Case=Acc|Gender=Fem|Number=Plur	_	_	_	@ap1998m-words#@ap1998m#289.021#289.384
921	вот	вот	PART	_	_	_	_	_	@ap1998m-words#@ap1998m#289.846#290.137
922	/	/	PUNCT	_	_	_	_	_	@ap1998m-words#@ap1998m#290.137#290.428
923	когда	когда	SCONJ	_	_	_	_	_	@ap1998m-words#@ap1998m#290.428#290.719
924	им	они	PRON	_	Case=Dat|Number=Plur|Person=3	_	_	_	@ap1998m-words#@ap1998m#290.719#291.01
925	нужна	нужный	ADJ	_	Degree=Pos|Gender=Fem|Number=Sing|Variant=Short	_	_	_	@ap1998m-words#@ap1998m#291.01#291.301
926	будет	быть	AUX	_	Aspect=Imp|Mood=Ind|Number=Sing|Person=3|Tense=Pres|VerbForm=Fin|Voice=Act	_	_	_	@ap1998m-words#@ap1998m#291.301#291.592
927	помощь	помощь	VERB	_	Aspect=Imp|VerbForm=Inf|Voice=Act	_	_	_	@ap1998m-words#@ap1998m#291.592#291.883
928	я	я	PRON	_	Case=Nom|Number=Sing|Person=1	_	_	_	@ap1998m-words#@ap1998m#291.883#292.174
929	им	они	PRON	_	Case=Dat|Number=Plur|Person=3	_	_	_	@ap1998m-words#@ap1998m#292.174#292.465
930	/	/	PUNCT	_	_	_	_	_	@ap1998m-words#@ap1998m#292.465#292.756
931	обязательно	обязательно	ADV	_	Degree=Pos	_	_	_	@ap1998m-words#@ap1998m#292.756#293.047
932	/	/	PUNCT	_	_	_	_	_	@ap1998m-words#@ap1998m#293.047#293.338
933	помогу	поможать	VERB	_	Aspect=Imp|Mood=Ind|Number=Sing|Person=1|Tense=Pres|VerbForm=Fin|Voice=Act	_	_	_	@ap1998m-words#@ap1998m#293.338#293.629
934	без	без	ADP	_	_	_	_	_	@ap1998m-words#@ap1998m#293.629#293.92
935	проблем	проблема	NOUN	_	Animacy=Inan|Case=Gen|Gender=Fem|Number=Plur	_	_	_	@ap1998m-words#@ap1998m#293.92#294.211
936	вообще	вообще	ADV	_	Degree=Pos	_	_	_	@ap1998m-words#@ap1998m#294.211#294.512
937	а	а	CCONJ	_	_	_	_	_	@ap1998m-words#@ap1998m#294.512#294.7
938	сейчас	сейчас	ADV	_	Degree=Pos	_	_	_	@ap1998m-words#@ap1998m#294.7#294.888
939	я	я	PRON	_	Case=Nom|Number=Sing|Person=1	_	_	_	@ap1998m-words#@ap1998m#294.888#295.076
940	считаю	считать	VERB	_	Aspect=Imp|Mood=Ind|Number=Sing|Person=1|Tense=Pres|VerbForm=Fin|Voice=Act	_	_	_	@ap1998m-words#@ap1998m#295.076#295.264
941	/	/	PUNCT	_	_	_	_	_	@ap1998m-words#@ap1998m#295.264#295.452
942	что	что	SCONJ	_	_	_	_	_	@ap1998m-words#@ap1998m#295.452#295.641
943	у	у	ADP	_	_	_	_	_	@ap1998m-words#@ap1998m#296.256#296.48
944	них	они	PRON	_	Case=Gen|Number=Plur|Person=3	_	_	_	@ap1998m-words#@ap1998m#296.48#296.704
945	всё	все	PRON	_	Animacy=Inan|Case=Nom|Gender=Neut|Number=Sing	_	_	_	@ap1998m-words#@ap1998m#296.704#296.928
946	нормально	нормально	ADV	_	Degree=Pos	_	_	_	@ap1998m-words#@ap1998m#296.928#297.153
